feature,family,ic_mean,ic_t,ic_pos_years,ic_min_year,raw_ic_mean,auc,acc,precision,recall,f1,pred_up_ratio,top10_excess_bp,top10_t,trees_median,const_within_day,ic_2019,ic_2020,ic_2021,ic_2022,ic_2023,ic_2024,ic_2025
ret_lag_1,momentum,0.020312670415584412,4.800851695368875,7,0.004419318418394581,-0.022879765460870064,0.5085008821768842,0.5056380688245813,0.5034734917733089,0.4378057131676776,0.46834896589615793,0.43249522558357356,22.405624,3.704207842343005,12,False,0.02164679911714184,0.03784346853312864,0.021788100983355197,0.004419318418394581,0.019117056772845763,0.019334880837764034,0.018069038787129003
ret_z_60,stats,0.019637913972945367,4.673903537320937,7,0.003300527357051631,-0.021588165137784245,0.5077645077825077,0.5066537727012858,0.504673029338989,0.4364728037566034,0.46810184851246883,0.4301536328139255,-1.1877912,-0.2775733891408807,22,False,0.0283335668309984,0.036681042716735626,0.021908757202273994,0.003300527357051631,0.008578413765503987,0.02584358003892475,0.012767718449701926
wma_ratio_5,trend,0.021803020328175826,3.726237174129477,6,-0.0017468700839620914,-0.025129738269574188,0.5091079163963178,0.5062584388570595,0.5041475295755046,0.44295392291136765,0.4715738221394816,0.43699594934861147,22.219252,3.328113039143244,11,False,0.03165588238013023,0.02401844998463636,0.0198279342341818,-0.0017468700839620914,0.03089596113675117,0.030836792631483347,0.017656380622484525
close_pos,candle,0.015324558553179584,3.718205662583914,5,-0.004335080900632705,-0.018886773273646604,0.5079352365382084,0.5057779561848459,0.5035648780218719,0.44652465270984154,0.47333251236316265,0.4410283545597197,3.093318,0.7356167201589745,27,False,0.03383121397241308,0.03636194138379913,0.013095362585395289,-0.00011257038527800999,-0.004335080900632705,0.019218259069945155,0.00904912009821659
ret_z_20,stats,0.015084942895613603,3.6842127901530946,6,-0.004834780021943209,-0.01955838043410164,0.506840691508628,0.5045858725930251,0.502283429839662,0.4317281353942477,0.4643409068490449,0.4275018550280383,-0.84523255,-0.20164937723080487,12,False,0.020236087731613443,0.02931311946995858,0.025000648384138045,-0.004834780021943209,0.00929785380613373,0.02089676049205209,0.005746350630591417
body_range,candle,0.014933984252091831,3.6586170308964743,5,-0.0050686768461721075,-0.017367584181058174,0.5076780457271055,0.5057840382439879,0.5037604901704562,0.4242809626296224,0.4606173249253236,0.4188957413421888,-0.14445016,-0.036192741786189454,16,False,0.033304598979571456,0.0290125641231311,0.023219735361816318,-0.0050686768461721075,0.007778745863059501,0.01855917452757224,-0.002159185908672082
sma_ratio_5,trend,0.021842409416293562,3.5878058485949955,7,0.007142987215642961,-0.024451755996305606,0.5092886939344439,0.5069153012443893,0.50516689663271,0.4208447466249266,0.4591666555482915,0.41434636110401535,20.496527,2.8161732553490126,13,False,0.0313007910283193,0.028764339014003982,0.019931311706703158,0.007142987215642961,0.026363887823672428,0.02809281343035549,0.011560925011693236
stoch_d_60_3,momentum,0.01827576144082073,3.2911076469479914,6,-0.004815032176925498,0.019693234743941163,0.5080910312119565,0.5067510856475569,0.5049284393518046,0.4240853062023087,0.4609893725200885,0.41773406804607766,12.963393,1.5298366778521615,47,False,0.03225489656063237,0.008519057675557594,-0.004815032176925498,0.0051118831642980546,0.02425426470581727,0.03004368056731844,0.03312741042761887
cci_60,momentum,0.01521641380015718,3.1030075379774007,5,-0.0051908316897802545,0.008563132370119759,0.5047135926902568,0.5053096376309163,0.5039012625904383,0.34748581490901975,0.41132534306062185,0.3429794791324551,-2.2542708,-0.3865512863023497,0,False,-0.0051908316897802545,0.0015986107437460854,0.004789432047760134,0.029973662433702915,-0.0011959369697543134,0.04506112344395126,0.03115903121373798
vwap_ratio_5,volume,0.018377481290119565,3.082144402279876,6,-0.001972442529741569,-0.024241253992274548,0.5078246735928897,0.50619761826564,0.5041423966521518,0.4360570338485619,0.467634484748341,0.43019620722791907,13.7168255,2.044241540495629,11,False,0.03822502281291835,0.01831542876386878,0.008867377427374323,-0.001972442529741569,0.029643497890923444,0.027149597705557315,0.009011992530374978
dist_high_20,volatility,0.017074546724732752,2.9888206272255653,7,0.007254913926531937,-0.01752810158903566,0.5073690690837555,0.5058387767762653,0.5041090336363778,0.39531158286049695,0.4431300247424659,0.39002420659538495,11.223194,1.3345415874700886,33,False,0.010176632208502403,0.011331564122703664,0.018115103758741518,0.010083980292210954,0.007254913926531937,0.03933297198081233,0.02325886674887989
up_ratio_60,momentum,0.017948110655308477,2.9851962142190747,6,-0.0009636670730982133,0.03454879723727468,0.5082979376411699,0.5040749796251018,0.5020197371785039,0.36017902563099197,0.41943224134370977,0.3568404919169434,28.3423,2.8438047254781122,23,False,-0.0009636670730982133,0.016615102922882652,0.006266652205962289,0.004221926851757868,0.03855562383808107,0.03963635964066154,0.021773767848353196
ema_ratio_5,trend,0.019269620356664796,2.9282277022576277,7,0.0015137168260941703,-0.021039010693163065,0.5075586817553628,0.505559002055736,0.503677538725018,0.4027954412052436,0.4476228656071426,0.39774842170565267,11.248521,1.5377987918728517,10,False,0.031110740519461538,0.036562089169005614,0.015935979978789417,0.0015137168260941703,0.028624531113718325,0.019409458311265074,0.0019886187291338663
ema_ratio_120,trend,0.01911607597583964,2.8908040298829345,5,-0.02414993948878023,0.020214290001605947,0.5142208328084743,0.5070734347820798,0.5049490183317062,0.4554025630991978,0.4788976904480222,0.4485640258365872,13.765308,1.5911217596899059,22,False,-0.007359292984459899,-0.02414993948878023,0.01696545951031973,0.030996100598162487,0.036204085985529245,0.017049361881729588,0.06455806717729744
hurst_120,stats,0.013190004223748206,2.8761633027077442,6,-0.0006072878791380569,0.012947288632725635,0.5052447770320264,0.506732839470131,0.5067886064219814,0.3076452748972804,0.38286992649408763,0.30192557992433916,14.227979,2.199692296001925,13,False,0.024324713177031984,0.006010063445413596,0.020649697604320984,-0.0006072878791380569,0.011812760747734437,0.009280326009855977,0.021174931154783874
donchian_pos_5,volatility,0.01666745645976013,2.8419611541858516,6,-0.004068625966476265,-0.018563538823522744,0.507423880974005,0.5060151564913817,0.5040344817577569,0.42470896106437095,0.4609840591444233,0.419090367234731,-3.2185385,-0.6772940600315271,18,False,0.029012162951286714,0.03889952543283369,0.008214025639268284,-0.004068625966476265,0.014245861705235247,0.017849835977948394,0.012642473427952798
cumret_ex1_120,stats,0.018674544043452434,2.801445420689809,5,-0.006279580402098849,0.029919107900287765,0.5102005461777744,0.5089710372343661,0.5072773494245167,0.44410340442183527,0.47359292681654586,0.43542677808999014,15.28825,1.6120891839699143,16,False,-0.0046618692704260755,0.03599113516233752,0.023219422681211174,-0.006279580402098849,0.01958414473944487,0.04880062223345215,0.014161793633642516
mdd_60,volatility,0.01993128150931327,2.789599530531387,5,-0.01558244508263267,-0.012810297352968587,0.5077323844096833,0.5081073848362101,0.5075747374091032,0.36873899432596363,0.4271588848594742,0.36132296950455545,3.3609831,0.3735561006997248,5,False,0.060421288722389846,-0.01558244508263267,0.00897320667440139,0.013269472211911923,-0.010996581782408378,0.021542372333657394,0.06227121496365139
vwap_ratio_20,volume,0.017629146213749215,2.781044291087819,6,-0.0015780231127022197,-0.003813478470016464,0.508357121227498,0.5079553333576615,0.5062943300674753,0.430334083349638,0.4652340315831918,0.4227456847790388,9.773118,1.427530348531235,19,False,0.014334113814730614,0.030672217763344826,0.03321358288257069,0.018626897824563858,-0.0015780231127022197,0.015521215719427921,0.01211971613265907
stoch_k_14_3,momentum,0.011405435013611642,2.777435107151746,7,0.0004928681527209484,0.0058436382113578374,0.5040479180819196,0.5033633787054945,0.5016388964763726,0.22457689297593425,0.31025628030341423,0.22266418518653674,-16.448559,-2.480613543147785,3,False,0.015206720064954745,0.02714162912384129,0.007746690299591031,0.010588833206587928,0.0004928681527209484,0.004941346104232866,0.013433925722196066
roc_120,momentum,0.016546716132398318,2.7568492986337763,6,-0.006367575035589478,0.02748202638399876,0.5097557098066305,0.5069761218358088,0.5051814223512336,0.42563832909411076,0.46201120284584135,0.41905387487987933,6.8487744,0.7233158832155564,23,False,0.007334445986028135,0.03845787214959913,0.011640460030278328,-0.006367575035589478,0.011038313444053595,0.04255551838351657,0.011189021252005505
ev_streak,event,0.012969809861941774,2.754865381147283,6,-0.012426745725608184,-0.011580052216536208,0.5073280837949019,0.5048778114318384,0.5033174503281489,0.34230091958520836,0.40747938365686254,0.3382537191791653,-0.0011183309,-0.00024110217075549444,13,False,0.019250438981600112,0.03742578856412159,0.012875620019699453,-0.012426745725608184,0.011538977735340038,0.014300620071973878,0.007949178513844697
roc_10,momentum,0.015420790160593235,2.7177132822018306,5,-0.004065271792244075,0.0016824133744684309,0.5054084627914305,0.5069274653626732,0.505,0.4359836626883193,0.4679608337270962,0.4293933754211826,16.320906,2.450859470080608,21,False,-0.004065271792244075,0.024712672497307984,0.019540358832107415,0.04115535647602021,-0.0008688978472541262,0.016689063120476983,0.00994221427195416
donchian_pos_10,volatility,0.011916023576022653,2.6725665363319253,7,0.003838277152344791,-0.007048670162357439,0.5046814420909747,0.5038073690228564,0.5014522852799976,0.4074545098806496,0.44959284321596515,0.4041345838046929,-1.0441943,-0.2261959255879743,14,False,0.023556764508056497,0.01479792745788901,0.015098287803111381,0.003838277152344791,0.006143324499536357,0.01077820436803457,0.009260559629651255
up_ratio_120,momentum,0.018263905290999062,2.65514607105865,6,-0.0394828693153919,0.040689397530201336,0.5094239254561181,0.5069274653626732,0.5058608666777353,0.3725787517119937,0.42910862921285015,0.36632242211923266,15.74546,1.7739677364361925,28,False,0.021929801260067334,-0.0394828693153919,0.0191970892077473,0.014046390894038625,0.031032428862050196,0.04895768481948098,0.03312197107830873
adx_28,trend,0.01406117225893915,2.6284411418444713,6,-0.011531777148669152,0.024007209881715286,0.5066321530456385,0.5044034108187668,0.5020882669537137,0.42779054979456077,0.4619711986054896,0.42376747071488524,29.501625,3.6745077031409448,32,False,-0.011531777148669152,0.009578208185830482,0.004313468912515307,0.0193515662318004,0.03017774490958294,0.011681710333131635,0.034959729794244505
roc_5,momentum,0.014135173297314955,2.551140968852325,7,0.0034845966950269756,-0.01361837208433211,0.5039122106891157,0.5039411743239791,0.5017283236064889,0.38161563294854234,0.43350581698211493,0.37829799656971863,6.515751,1.136817742020632,10,False,0.01602432534256925,0.010067410774100522,0.023813448681585723,0.005389336245245951,0.01331392810546784,0.02700578614986694,0.0034845966950269756
cci_14,momentum,0.010768858319306534,2.524059478968198,6,-0.0011441743399090954,-0.003718603273853704,0.5057712800507469,0.5048413190769867,0.5025477617597103,0.43779348464097045,0.46794105153089566,0.4332798112128842,-7.909534,-1.5641510706325374,52,False,0.006904075868716239,0.02113736129589885,0.012797623869600431,0.0044237893119130735,-0.0011441743399090954,0.019997522231382542,0.011070116283168747
stoch_k_60_3,momentum,0.011061609053632154,2.4882643993407885,6,-0.0045839967132747204,0.015909135419281625,0.504494485700643,0.5061428797333625,0.5043020533544087,0.41355654470749365,0.45444345156110383,0.40786896811784595,13.014822,2.1362462271351372,16,False,0.024226093008782586,0.0048508793058547614,-0.0045839967132747204,0.0148952337314301,0.010429474170845653,0.007574627553992587,0.020163792712859566
sma_ratio_120,trend,0.015784164289277987,2.4596256560996372,6,-0.026768746330898378,0.01726105477278212,0.5111881871872092,0.5047622523081414,0.5026717557251908,0.40262424183134415,0.4471196936364377,0.3983748737972728,45.732746,3.5764623326777016,14,False,-0.026768746330898378,0.001897977583439468,0.02301166108620921,0.01042573290591141,0.02349788282144485,0.018268550233039665,0.06030672409699955
cumret_ex1_60,stats,0.015158531377728369,2.4126012012543208,7,0.0014926581271035113,0.01972730555385689,0.5081596478780449,0.5059543358999623,0.503807956257323,0.441682156133829,0.4707039904084239,0.43603498400418444,54.127697,4.26551454353862,10,False,0.009038705421336002,0.0015763285822713894,0.002468529524671808,0.0014926581271035113,0.03534719931273591,0.01894007650082806,0.03791790102263356
sma_cross_20_120,trend,0.015448023875985012,2.3845588643943545,5,-0.007487778106198015,0.021002557542748032,0.5074689858922488,0.5057475458891362,0.5040393839939409,0.39062805713167675,0.44014550264550256,0.3854565801797857,34.53854,2.8354446365335635,16,False,-0.005940485360299436,0.02424493144882434,0.021348764330223844,0.00394312323424678,0.033479903160100605,-0.007487778106198015,0.03873958969776662
ev_spike2_cnt20,event,0.014006114593472929,2.349883167273558,4,-0.03657436056202685,-0.0177558400472305,0.5044832856385771,0.506726757410989,0.5060719247911366,0.3429612600273919,0.4088487189766391,0.3370616355873445,-12.905987,-1.972940760822431,18,False,0.035561866755057715,0.054817454119521616,0.03702914416499175,-0.03657436056202685,0.03492989098127739,-0.010967538264918864,-0.01617021729662808
ev_spike_up,event,0.009784117190197292,2.3472363943772567,6,-0.005743136616688713,-0.011810451988161141,0.5019040067779723,0.5024449877750611,0.21818181818181817,0.00014674232048522793,0.0002932873849763537,0.0003345132528068703,-26.000805,-3.074612358998118,48,False,0.011537320923627154,-0.005743136616688713,0.011679762140705518,0.006270883840065934,0.004341489210317075,0.024179962611333018,0.01643175699475529
wma_ratio_60,trend,0.016422835715452142,2.331118934223831,5,-0.011209393647581537,0.0015184531538474082,0.5056101844300829,0.5059543358999623,0.5038775104394512,0.4338192134611622,0.46623122314071314,0.42821345594764565,6.0251837,0.6741283373493723,49,False,-0.011209393647581537,7.303544653984997e-05,0.033299313491669785,0.02037682751598367,-0.004646622408676068,0.045505476635458904,0.0312534293057331
ret_lag_2,momentum,0.008277323706106947,2.325867001132823,6,-0.0049843510148831855,-0.007632385265132658,0.5025500098267388,0.5022564439416609,0.4995495233666589,0.4203800626100567,0.4565581172970676,0.4185429819119561,13.9125,2.6924017907087543,16,False,0.00457983943292391,-0.0049843510148831855,0.009319152539315983,0.011547836670973182,0.01553959352342347,0.007555357110014594,0.014564624741514003
bb_pctb_60,volatility,0.011174814698207643,2.254764648147337,3,-0.009336711100210416,0.006962371198293694,0.5034114199522898,0.5052123246846453,0.5039228748010807,0.3330194678145177,0.4010219558526852,0.3286866401488888,-1.2983525,-0.23119223746183235,1,False,-0.0037730019146309905,-0.009120053651515926,-0.007315960923560232,0.03123946673185993,-0.009336711100210416,0.04377142674778888,0.03227111816230405
linreg_slope_60,trend,0.016893563336464763,2.2280800254649136,6,-0.007795175459127491,0.020109151205746204,0.5061577758199614,0.5092873043097471,0.5095469142697571,0.3570118372138525,0.41985446387482744,0.34847766059677165,25.688618,2.1529551912171043,2,False,-0.007795175459127491,0.003042801865290041,0.019024270092011606,5.922911505829923e-05,0.05741397018861772,0.013456501336854446,0.033894798267393625
ev_new_high_20,event,0.010594063965316267,2.225172801558728,6,-0.002987595501376606,-0.01033287689400492,0.5022163208819341,0.5026396136676033,0.5010438413361169,0.002934846409704559,0.005835511519056593,0.002913306328990743,-22.376059,-2.641251036430178,15,False,0.017931033054271052,0.015626295499830634,0.015576220554366834,0.013682882207239939,0.007836812404049058,0.006182694110935102,-0.002987595501376606
turnover_z_20,volume,0.008453313593517102,2.2050255079001744,6,-0.0041427073004471245,-0.003659115675440537,0.5035885921303388,0.5053278838083421,0.5035274632522734,0.38664155742516143,0.4374105098603435,0.38191073970003286,1.5354248,0.3367506562432571,2,False,0.0020336802256397447,0.016925468688991228,0.016079146826666158,0.006738943651177863,-0.0041427073004471245,0.0022787424952790567,0.018969042406982283
wma_ratio_120,trend,0.014804789912235463,2.184980401334173,6,-0.05187982446178324,0.010570148056250499,0.5043417333615838,0.5104915520198519,0.5112673108452227,0.35845480336529056,0.4214362734526634,0.34870877884416546,16.810785,1.734691282644082,3,False,0.024136154022494805,-0.05187982446178324,0.028283788421481732,0.01000978427228471,0.020629473502174922,0.010552955320585802,0.06286219120945372
ema_ratio_60,trend,0.013157622420943132,2.127397470842401,6,-0.027282967984168446,0.007988850623365776,0.5068493315438243,0.507055188604654,0.5048393753411526,0.4637057327333203,0.48339909107713097,0.4568417083287718,8.713199,0.9783891562575319,58,False,0.017175526700950437,-0.027282967984168446,0.025650854661701795,0.00905854326469553,0.01065751045624526,0.017754578384687265,0.03959237933019868
wma_ratio_20,trend,0.013481508823068273,2.1273805999404125,6,-0.0016631674869189068,-0.008121876894033165,0.5052478667170766,0.5047744164264253,0.5026440718706808,0.4091420465662297,0.45109882701901044,0.4048461847243003,8.242489,1.1461025308168002,22,False,0.01416278959837184,0.01911457128521258,0.017311349568548805,0.01269086194366501,0.014839507098966233,0.017861711055238535,-0.0016631674869189068
ev_spike_long_red,event,0.009147139330973048,2.1272252389559556,6,-0.0014223740408795447,-0.00979957623118095,0.5009458551295529,0.5025909571944678,0.3157894736842105,7.337116024261396e-05,0.0001467082339996332,0.00011555912369691883,-27.018349,-3.1664546263412006,24,False,0.015780959225681193,0.005422183066001142,0.008521060494034336,0.01566584183253854,-0.0014223740408795447,0.008338827239966267,0.012893398967809583
upper_shadow,candle,0.0067849672243504395,2.126580955464006,6,-0.005944779933412661,0.009211224640805045,0.5029538529926406,0.5022503618825189,0.4994374095836831,0.3419585208374095,0.40596078886816145,0.34054057341653593,4.773051,0.9791964446536574,21,False,0.018921834851189735,0.016668666450454225,-0.005944779933412661,0.00853710666914341,0.0018237879689514337,0.002894279168586195,0.004483641600337936
linreg_slope_10,trend,0.011484979037496158,2.1180627084213643,5,-0.010265341271381815,0.004115397088973632,0.5038229301034661,0.5037952049045725,0.5014037305425308,0.4171395030326746,0.45540655100828387,0.4137807296038147,6.256064,1.1485391519704768,30,False,-0.0005628646397400839,0.026493957958834,0.01769603574947534,0.03692485541948692,0.0005082190506770874,0.008781909909825587,-0.010265341271381815
skew_20,stats,0.009488281361949874,2.0630303616289987,5,-0.022569156531145763,-0.008191319705442094,0.5029053259010297,0.5035093481249011,0.5011004799315257,0.4009122480923498,0.4454423173598185,0.397924801420769,-10.976558,-2.1049284666836865,2,False,0.04188887837457758,0.005323476368481232,0.010707194527164156,-0.018317536048120347,-0.022569156531145763,0.03466231647148579,0.01496547015132552
ret_lag_5,momentum,0.007209352215769297,2.0378157329170743,6,-0.00020842451922768195,0.005683445674112551,0.5015477762498316,0.5027369266138744,0.5001815192090033,0.28641655253375076,0.3642527779289752,0.2848045834397694,7.230388,1.1583980411496537,11,False,0.011038728456518552,0.005534953332898994,0.012343448271357417,0.008393522074685474,-0.00020842451922768195,0.0009077673931289272,0.012359307142317264
sma_ratio_20,trend,0.013930677586343775,2.02540830745096,6,-0.004561263028604829,-0.0055393044761564625,0.5060493508914186,0.5078641024705324,0.506397667083259,0.41621013500293486,0.45689585738448735,0.4087873590482794,11.267594,1.6736933381248829,32,False,-0.004561263028604829,0.018800307805041973,0.01583684032757595,0.029109371292366626,0.00916221755983982,0.018391819722359794,0.010381159102439546
gap,candle,0.007943806364963082,1.9732135949284055,6,-0.012298321742943182,-0.0076935632254437,0.5035048796512206,0.5034485275334817,0.5010680354524006,0.3843792799843475,0.43503473856118696,0.3815397340923743,8.936268,1.6254148732374865,12,False,-0.012298321742943182,0.0017575682540835811,0.009583218317459117,0.00945703766097741,0.01827282725932319,0.012513762784009778,0.016349110183396433
sma_cross_10_60,trend,0.013204056236574661,1.9668019184406378,5,-0.021481595913216214,0.012493258662433377,0.5009203948403618,0.5032599837000815,0.5008157123623981,0.3866537859518685,0.4363919923263244,0.38399080392657736,33.883457,2.8522871514292794,11,False,-0.021481595913216214,-0.012313856117060068,0.01356452596202211,0.006491804885289369,0.02736278996893044,0.027311470349933767,0.051951241387015255
willr_28,momentum,0.008706048975051879,1.9626652744599078,4,-0.005898718011651668,0.0005821647412796885,0.5013889160841084,0.501173837414395,0.4971117743333012,0.2525679906084915,0.33495507768155425,0.2526973932294518,-1.4104741,-0.25618351295527175,3,False,0.01731426328973649,-0.002410225571567699,0.007568773040562932,-3.961049850056219e-05,-0.005898718011651668,0.028552087168915944,0.015997354609616203
ret_lag_6,momentum,0.00646283259781943,1.9557729639982058,5,-0.009175225464585136,0.006066931903227946,0.5022212078091295,0.5016847303823182,0.4985910913623063,0.3375440226961456,0.40255800726275726,0.3367149582162537,7.9977765,1.5829959182411983,6,False,0.03019902262401794,-0.003955512133342107,-0.009175225464585136,0.0015780050025366048,0.006251460955232542,0.0032245712047170774,0.01748748317688413
wma_ratio_10,trend,0.011774201992553595,1.939862526773124,6,-0.002749263415836586,-0.01843536460015617,0.5035544903262525,0.5022138695276673,0.49943049571633735,0.36997407552338096,0.42506410031259884,0.36844506075977085,-1.4152657,-0.21564659271903258,10,False,0.016496071614229613,0.012213945025663175,0.01269923032130239,0.005135046155043911,0.015008491041299732,0.023775963878445144,-0.002749263415836586
ret_lag_4,momentum,0.006688050580930172,1.9380871048641912,5,-0.01013229989543199,0.0011931355752559957,0.5023537934814045,0.5025058083664805,0.4998376548077369,0.39532381138720407,0.44147951902658195,0.3933693391234536,10.902795,2.0550295413865074,12,False,-0.0020222904453162257,0.008145483712088024,0.006336557374355371,0.015249134004416322,-0.01013229989543199,0.018166295337253835,0.010670843680236049
ev_spike2,event,0.007928111979351095,1.926351960045316,4,-0.015850646226982863,-0.009265060350091326,0.5012124595623773,0.5025118904256225,0.4618320610687023,0.0014796517315593817,0.0029498525073746312,0.0015934994951890913,-26.790365,-3.145703349242996,48,False,0.013699715116728156,-0.015850646226982863,0.014073360071609305,-0.00033354782796700145,-0.0031207003702813747,0.02724206521922558,0.019826553017712186
lower_shadow,candle,0.005634478778539875,1.9019930899290953,5,-0.002675844870861397,-0.00753018759652623,0.501566148559883,0.5033816248829204,0.5010494343293006,0.35906622970064567,0.4183389253378354,0.35642691189529124,0.47357723,0.13432708707411092,5,False,0.006869588679793192,0.007257797500624389,0.0038312803965286713,0.018601014401517454,-0.002675844870861397,-0.0019272048023041952,0.007159807907608682
cci_20,momentum,0.007810793210808769,1.8718636321037077,5,-0.0008701716574621319,-0.0005773845851448472,0.5042937240165781,0.5041844566896568,0.5020452686119443,0.38271620035218157,0.43433369184331955,0.37914948484959066,-5.8903093,-1.1424774203699086,1,False,-0.0008172303518525876,-0.0008701716574621319,0.00397093813381994,0.002238692038759536,0.0016419798235434526,0.03279489240134561,0.01581990948686931
ev_spike_ret,event,0.006667182334709209,1.8523972976665946,7,9.366444509235364e-05,-0.00892196004225371,0.5009730792936818,0.5024632339524869,0.49663623258049017,0.025276364703580512,0.04810444739230608,0.025313530148767166,-27.661404,-3.8498284032652066,22,False,0.010667736348263231,0.00499179331284713,9.366444509235364e-05,0.002431960329285948,0.008435043041173611,0.013982729085716905,0.006219252151875205
ev_vol_x_avg20,event,0.006711483389660724,1.8291688353566193,6,-0.005796081081805997,-0.0005294830056585551,0.5041476096062727,0.5064956391635952,0.5060346302244693,0.3255722950498924,0.39622290514848685,0.31999537763505215,-0.5429601,-0.11719843616089776,12,False,0.017977843975365882,0.0051179488225755925,0.007711183640976879,-0.005796081081805997,0.001449074799253059,0.0030828370684083746,0.017641255412563207
adx_14,trend,0.008582358179086397,1.8054724057177027,6,-0.01093471934786666,0.024064650698953912,0.5034019055630807,0.5053157196900583,0.5060802426582104,0.22443015065544902,0.31095975127286285,0.2205658747825664,12.982692,1.5564884094787073,9,False,0.012637986551002397,-0.01093471934786666,0.01833010069056251,0.00016877104861103562,0.002604887374142084,0.018242428544623487,0.019310445179919866
cumret_ex1_20,stats,0.009624484653056072,1.8028995620704822,4,-0.033219072826037206,0.003686423620288759,0.503300481681374,0.5042696055176441,0.5020337804121997,0.40599931520250443,0.4489381984869075,0.4022248172341228,14.844818,1.8275275988834083,14,False,-0.0011462254614556192,-0.033219072826037206,0.0017847253351488117,0.025890470109320454,-0.0009146635182529748,0.029537276020305668,0.04555838016567615
stochrsi_14,momentum,0.008320625316764292,1.7933094987173126,6,-0.018098996649972936,-0.009651396770070852,0.5053252250736678,0.5038803537325597,0.5016756306092757,0.37526902758755626,0.42936193134518397,0.37204563977180116,-0.98335934,-0.22134376847927353,9,False,0.017776277339682428,0.01995830483543752,0.00950405006931717,-0.018098996649972936,0.008598190473038692,0.017442547031284148,0.0033940469782742485
ev_days_since_spike3,event,0.009557882531377388,1.768052113114989,6,-0.020652540195331182,0.01653151408856656,0.5068783798066316,0.5031626707538104,0.5012843603295049,0.20761592643318333,0.29362272471788664,0.20599326107847074,0.24483566,0.036707204276414336,5,False,0.018707038426983187,0.00016107380164416364,0.010973406305619157,-0.020652540195331182,0.02666395184651472,0.020620963582417343,0.011291135014450565
obv_slope_10,volume,0.006827955205271649,1.7514857993603108,6,-0.00454152223866858,0.007504797163086917,0.5027948485562859,0.5038195331411403,0.501700116828541,0.35183917041674817,0.41361365678346806,0.3488000097312946,0.3754838,0.07196609520222925,3,False,0.004604196514566541,0.006177914358536456,0.010022160581680224,-0.00454152223866858,0.02176863199666498,0.00023578603555288874,0.009887329513457596
ret_lag_7,momentum,0.006288543847033798,1.7484703513237063,5,-0.015438627374515223,0.004548216071328968,0.5027698477135678,0.5040993078616697,0.5020540356260121,0.3601667971042849,0.4194359197100562,0.35680399956209174,6.957745,1.5009371879500115,2,False,0.017583146990220528,-0.015438627374515223,0.0027906244488677093,-0.01057064366209456,0.01335280202926052,0.021342519099828657,0.01565669432654992
roc_20,momentum,0.011687819142438454,1.741595671338161,5,-0.004731349721408246,-0.0015975652132980314,0.5056702584251551,0.5057475458891362,0.5040299729236194,0.39153296810800237,0.4407157604955265,0.38635672493279327,7.4807863,0.9149764359101611,14,False,0.008439053614053494,-0.00019145942996386055,0.0351342097385215,0.02696328681576435,0.0005359871972509184,-0.004731349721408246,0.015311226084767853
linreg_slope_5,trend,0.010715227857390134,1.7016301888125183,6,-0.00032938544510731566,-0.017003710487598713,0.5042361264453941,0.5036978919583014,0.5013780612646666,0.38929514772060264,0.4382843100136986,0.3861803452176769,1.2240107,0.17745918616658296,14,False,0.0019516071341961338,0.014704364159294927,0.011374924635936161,0.005112148620357658,0.0259252793780253,0.01646043232523708,-0.00032938544510731566
vol_sma_ratio_20,volume,0.00623551123469751,1.6765131412276186,6,-0.0064248109308982036,-0.0005015829837858301,0.5043045438700409,0.5063435876850466,0.5059771106059419,0.315728331050675,0.3888286497394657,0.3103553138950723,1.1855664,0.2543878996745409,7,False,0.015588417518495342,0.00397491818775933,0.008485402389657247,-0.0064248109308982036,0.0018427045190408384,0.001431969244346759,0.01896215813921292
roc_60,momentum,0.009410854868002768,1.650357720254528,6,-0.014979130278473264,0.01652320188409622,0.5064888471036288,0.5041479643348052,0.5018366895330826,0.4159777929954999,0.45489131524929627,0.4122723789366128,36.896793,3.2138322833727995,12,False,0.0016207895925893208,-0.014979130278473264,0.0014577480105663566,0.005132971919448623,0.01330865581120183,0.017089153862650874,0.042667852726817716
bb_bw_20,volatility,0.012452472588313135,1.6479403952892229,5,-0.034163526184086926,0.02386044461436866,0.5050862279729731,0.5039898307971147,0.5016083199907684,0.42524701623948347,0.4602820592575925,0.42165091413348904,24.570232,2.310542854149064,40,False,-0.034163526184086926,0.006561783072671559,0.029887605182995457,0.04331505351863027,-0.012943919707183235,0.01806804888395314,0.035425657717212025
linreg_slope_120,trend,0.01096754509567194,1.6302435776401685,6,-0.005342087101724544,0.026358602896172176,0.5083484601065938,0.5059725820773882,0.5040255759726642,0.42028223439639995,0.45836028406628215,0.4147295308299578,11.111471,1.1607109464709935,19,False,0.0007276047870300056,0.03311531022410309,0.006759764721548513,-0.005342087101724544,0.0025704945268000636,0.024688853269733194,0.014118874918920507
ev_range_x_atr,event,0.00475563962346399,1.628886822535378,6,-0.004048950102227444,-0.0023192662672051846,0.5028583260805206,0.5022138695276673,0.49947898575894406,0.4044462923107024,0.4469670862811079,0.402735710202046,2.0667188,0.5593221592841515,11,False,0.006895749521058708,0.006848465097163768,0.004926005246864437,0.003720847667509203,-0.004048950102227444,0.01340101768765112,0.001436493760690286
ema_ratio_10,trend,0.011059770143842733,1.6222939470602968,6,-0.005406265218145684,-0.012703139592564605,0.50423740497913,0.5054130326363293,0.5038791274085391,0.3629549011935042,0.42196174323469415,0.3582636937561581,3.998558,0.5753032171455396,14,False,0.009158754271637065,0.012789885950139418,0.023307589073613272,0.006174338163586937,0.013289291661429252,0.018133272766840996,-0.005406265218145684
rsi_28,momentum,0.00951274517361433,1.6208702410779492,4,-0.012944653115229765,0.014594804574886374,0.5029720253953861,0.5034850198883334,0.5013061163563085,0.32854382703971824,0.39694171529881067,0.3259618776532983,-5.8968143,-0.8375113124001796,0,False,-0.012944653115229765,-0.010242577267768775,0.019296149100093883,0.012869773652922177,0.014597702017092366,-0.002334367892927113,0.04546641253815071
ev_vol_pctile250,event,0.006611872036622658,1.5971877307775773,6,-0.005547323263182519,0.0021863667072504153,0.5019573340124448,0.5008697344572979,0.4976540253688843,0.3761372529837605,0.42844606641408517,0.3759199114452189,-6.936375,-1.226736191820141,7,False,0.005805333323397073,0.004582207669355221,0.0036038252397564636,0.008468431716597856,0.008085059860872868,-0.005547323263182519,0.021307403701042178
cs_excess_roc_5,cross_section,0.01002813677922109,1.5728681645972082,5,-0.012062633026791048,-0.013618338064608458,0.5036533740090534,0.5026213674901775,0.499985561651747,0.42346165134024655,0.45855292777880774,0.4212434161709788,3.890629,0.6087564592477401,9,False,0.004147030166162645,0.026436213416823322,0.01192320220667002,-0.012062633026791048,0.021455812479071367,0.030333986111455036,-0.011765390657644186
parkinson_20,volatility,0.012882884196364887,1.533874896479408,6,-0.04170060774368907,0.020821026458943823,0.5051306302562482,0.5030714398666812,0.5004937594294335,0.4462311680688711,0.4718074033849217,0.44344293203907115,43.593475,3.3555712123693016,15,False,-0.04170060774368907,0.0070156491000967925,0.04011405961299165,0.021023135048593797,0.01868558911807016,0.00821828492396094,0.03649612125373788
vol_sma_ratio_120,volume,0.005180401377236956,1.5184435884888365,3,-0.006579098631383389,-0.004229676367418702,0.5002812814171126,0.501277232419808,0.4982539110825751,0.3890750342398748,0.43694766982758027,0.38838205062706027,-0.25660157,-0.052641899356126044,7,False,0.007693424417592265,-0.0015727918758879386,0.015076097285052579,-2.5108161420056156e-05,-0.006579098631383389,-0.0004439373478608206,0.02210769686787466
ema_ratio_20,trend,0.012041385049679039,1.5159004298382341,5,-0.002859860845021388,-0.006530470342831675,0.5046665785166695,0.5060090744322397,0.5047799500473689,0.3583569751516337,0.41914882965865935,0.35309394348550643,4.2814975,0.48849140540147384,17,False,0.0033245896530637617,0.03216536884387307,0.025605045894802357,0.025549870118001795,-0.0007576515104741365,0.0005388478316149597,-0.002859860845021388
updown_mag_ratio_20,stats,0.0076424766207270935,1.502112817393552,5,-0.013017589150448693,-0.007759324783069098,0.5031390614887812,0.5034971840066172,0.5011075060834841,0.3928414204656623,0.44041841463080256,0.389908647471688,-2.535218,-0.4754558382550864,11,False,0.02120930770184349,0.017187512790069172,0.018262360313549306,0.009084977856162921,-0.013017589150448693,0.012137532763658436,-0.01175287486931109
ad_roc_10,volume,0.005528223546832473,1.4911819826999984,5,-0.007802213982369327,0.001998167140633444,0.5012541269183863,0.5028707319149971,0.5004668757631623,0.25561289375855994,0.3383923006564516,0.2540293641815373,-5.8231497,-1.0203804217138936,1,False,0.02442440948095303,-0.007802213982369327,0.00935953009310913,-0.002030375970837286,0.001029127861195612,0.00545504791477248,0.008521523363309231
donchian_pos_120,volatility,0.00909138607878461,1.4885627184296608,5,-0.019676735111698658,0.0219589170465025,0.5052117323247529,0.5031869989903782,0.5006255585344057,0.4452773429857171,0.4713321381649203,0.4423785716892311,6.096442,0.8546361048321306,13,False,-0.006790925747108598,-0.019676735111698658,0.0057719323613793895,0.01835694906504037,0.01309606632525435,0.012604442937406191,0.04047918468096034
atr_ratio_14,volatility,0.012188064840595573,1.485079512442404,5,-0.013515903042325781,0.02370961740122195,0.5054164428809682,0.5027551727913002,0.5001515289268721,0.40362698102132655,0.4467347905528862,0.4013794110133927,34.534748,2.849343725027801,10,False,-0.013515903042325781,0.03468288985708698,0.01631994899460145,-0.012998532132632903,0.03815912428613822,0.012458325526652755,0.010546712953091023
sma_ratio_10,trend,0.008834636060349706,1.4806379868302517,5,-0.007760842180038598,-0.011752675528591525,0.502242220197755,0.5013015606563759,0.49841071713667834,0.419927607121894,0.4558154969304795,0.4190477928207374,-2.2402942,-0.35626598535282433,20,False,-9.539491605196935e-05,0.009809384840898185,0.018582169290439248,0.014177102324376618,0.01127091553673759,0.015711750430322077,-0.007760842180038598
ret_std_120,volatility,0.0144408602792863,1.4795971023939019,5,-0.02644785254902728,0.025356077781450197,0.504280080379937,0.50619761826564,0.5046654565141238,0.3875709254549012,0.438434616608336,0.3819654782323103,26.24445,2.42616916409729,0,False,0.010364880874773013,0.03248242929900459,0.0030668134134702956,-0.02228987291107392,-0.02644785254902728,0.043795300200368675,0.060021059803846775
sma_ratio_60,trend,0.009480019969473416,1.4586099112788273,4,-0.040623793308343675,0.006416469551580631,0.5062236915918558,0.5054130326363293,0.503105336830518,0.4527000586969282,0.4765736133728976,0.44753615784159884,8.764009,0.9219835422641179,21,False,-0.005505816677915549,-0.040623793308343675,0.022319228989151493,0.024132888001188832,-0.002823998370453677,0.029076194716041923,0.03989685324251126
vol_sma_ratio_5,volume,0.004409491560882033,1.4377159417946077,4,-0.014541144232080347,-0.0031688717046945533,0.5036805148661407,0.5041479643348052,0.5021705399327046,0.35223048327137546,0.41404391418406583,0.34886083032271403,-3.5872898,-0.7992807122921726,10,False,-0.0005054970854262891,0.02038230205567764,0.009236947683821937,-0.014541144232080347,0.010830772047403278,0.007820955160396409,-0.002203326487181301
ev_up_streak_ge3,event,0.005951514127886156,1.4163125358090731,5,-0.003551852419999955,-0.005916204376258882,0.5014313637592722,0.5026274495493194,0.49800796812749004,0.001528565838387791,0.003047776951491582,0.0015265968446277172,-25.980616,-3.1048245591737214,10,False,0.006862485140635403,0.01338876852568876,-0.0013455204086247113,0.005072173196108266,0.012535499619106941,0.008766092692389876,-0.003551852419999955
ret_std_5,volatility,0.009415008940489293,1.4057569919190376,5,-0.022415724260974993,0.01648133038943072,0.49924612735364493,0.5026639419041711,0.5000402712672563,0.3795979260418705,0.4315734593861875,0.37756814947268547,15.040476,1.7751777821422594,6,False,-0.022415724260974993,0.009223363435646793,0.0033867412655121136,0.024480952683543326,0.013070544650530968,-0.003877363529409743,0.04172859504579125
ev_vol_vs_max20,event,0.0054707846651941726,1.369749727431306,5,-0.006721804081386883,0.007078549836105977,0.5038856571984616,0.5036796457808755,0.5012987405237247,0.4059259440422618,0.44859926753787316,0.40274179226118795,7.6715846,1.597842258552256,5,False,0.014867905426132989,0.012201262847923076,0.010073618256330583,-0.006703548270397359,0.004816177250200512,-0.006721804081386883,0.009891370327221578
obv_slope_60,volume,0.008130975957572173,1.3680815337284313,4,-0.02014536417606106,0.03143321891123637,0.5031568773581043,0.5021165565813962,0.49934954621282845,0.3989801408726277,0.4435577609353227,0.39739566227541995,-2.574007,-0.38225512360674246,33,False,-0.02014536417606106,0.019120322307073164,-0.011389929190870996,-0.01953020435769747,0.04491074073379619,0.034997783116149345,0.00969422931010386
vol_z_20,volume,0.005189841265143643,1.3664404123428697,5,-0.011960268609634535,-0.0030037454631012435,0.5020991183801928,0.5037769587271467,0.501531842774265,0.37634513793778124,0.43001257510129937,0.37321947718619614,-2.1503277,-0.47394962308851296,0,False,0.01617812800159328,0.01587896299790459,0.017814887163384897,0.0018203426611255518,-0.007481050393408149,-0.011960268609634535,0.0038372308163635957
eom_14,volume,0.009997508003067064,1.3552565657139604,6,-0.027477798604332127,-0.006978015822831129,0.5030359204906183,0.5021712951136736,0.4994110718492344,0.3940520446096654,0.44051948051948053,0.39243878407473637,15.222634,1.7724174586138144,0,False,0.00416137944110444,0.013683786073804627,0.005960582298576532,-0.027477798604332127,0.02056078158068429,0.04524462976402015,0.008546439310970065
dist_high_120,volatility,0.01076796735660281,1.3340043841580933,6,-0.010771190548280232,0.0007229178867056485,0.5059662319934685,0.5043182619907796,0.5020524295727686,0.4142902563099198,0.4539686580863879,0.4104234329574621,12.332642,1.3103807798826534,3,False,0.011766207373535098,0.007148699483907219,0.011587709426867916,8.141893349630009e-05,-0.010771190548280232,0.024418835913210424,0.031099318275228945
cs_rank_turnover_z_20,cross_section,0.005042613430295577,1.3177692261261547,5,-0.005242670981786377,-0.003659115675440537,0.5026547860400301,0.5033390504689268,0.500958202544193,0.3708056153394639,0.42616614900285305,0.36814703986181563,-3.4377584,-0.7535786163512845,4,False,0.008259850689094936,0.003726175688216214,0.012182138575766681,0.0012601394235666357,-0.005242670981786377,-0.0031836731360095905,0.018231462133924
dist_low_60,volatility,0.008720173741879028,1.30167140606396,3,-0.018253136586493104,0.027885957531617045,0.5044193059785594,0.5037343843131531,0.5015741046736124,0.3526340246527098,0.4141194379222943,0.3496758262477344,32.199524,2.4783093831053353,0,False,-0.0042989735430745924,-0.0024834513026123313,0.011110522326803835,-0.018253136586493104,0.044164537092175826,-0.013331171091011956,0.0450933343826051
cs_rank_roc_5,cross_section,0.008270095762338364,1.2897996674698846,4,-0.012848256488328637,-0.01361837208433211,0.5024914144946634,0.503314722232359,0.5008562952995504,0.4005453922911368,0.44511938249962635,0.3977545037647946,-6.7782683,-1.2009898379095325,17,False,-0.002457705564468314,0.020269080538977535,0.013405180014719815,-0.012848256488328637,0.025432772289006828,0.021153238051712268,-0.006716111238004793
gk_vol_20,volatility,0.010826649955722953,1.2811790315839322,5,-0.055738216225747206,0.020756584859304508,0.5021639609265577,0.5008393241615882,0.49791540059640743,0.43082322441792215,0.4619459395671756,0.43034825870646765,32.964115,2.6485487487548633,14,False,-0.055738216225747206,-0.010537954586638825,0.027598582006476673,0.043143350531074834,0.01571582067472935,0.01322117784406065,0.04183072219507409
ev_new_high_60,event,0.006511171796106735,1.276681046650984,5,-0.009423830999923754,-0.004606805094524759,0.49947562611986274,0.5028524857375714,0.5414746543778802,0.002873703776169047,0.005717066050358838,0.0026396136676033037,-18.182043,-2.1075144156279895,5,False,0.011731407276433651,-0.009423830999923754,0.016240134158764845,0.0021785120174120584,0.0005559772715261413,0.02474706017738417,-0.0026940980327209356
gk_vol_5,volatility,0.008931501236955497,1.265443168989672,6,-0.0508185503929878,0.016355488068191402,0.5004134207382488,0.5028646498558552,0.500258475267998,0.4496796126002739,0.47362252389170806,0.4470800034059531,44.284004,4.462793638525365,14,False,-0.0508185503929878,0.01966951982675005,0.013098534306881033,0.044917261298879345,0.01736576111004847,0.0021135275188896335,0.015286969861724963
mdi_28,trend,0.007918149922940307,1.2479100838085875,4,-0.01291911168296313,-0.013578682330442373,0.4986108765361066,0.4988139984673211,0.4931164503682918,0.2750684797495598,0.3531461944235117,0.27743920981887626,-7.2829413,-1.0195529747194405,1,False,0.0276492774500593,0.003133119521543773,-0.00468392688520409,0.011698376882265741,-0.0062540186190922515,-0.01291911168296313,0.036758088505030866
atr_ratio_28,volatility,0.011512994308722404,1.201482721330972,5,-0.0365401391947792,0.023749921005880515,0.5039351307054161,0.5047926626038511,0.5027199313504651,0.4011812756799061,0.4462474920937192,0.3969090975440645,36.125744,3.223695345001574,16,False,-0.005863958364708088,0.030169903092563607,0.006521412768321141,-0.0365401391947792,0.034054231329601115,0.011325839466471876,0.04171491134289253
willr_14,momentum,0.006314364132856116,1.1949991540850573,5,-0.009230960947794697,-0.0024612111121824934,0.5034439742134006,0.503637071366882,0.5018601609884783,0.27218254744668363,0.35294584030382076,0.26974540500431826,-18.53883,-3.509724735604939,7,False,0.011170564565274134,0.018488012848517085,0.013734772871931599,-0.002668827070918453,0.0008615546517943725,-0.009230960947794697,0.01176480879597502
range_ratio_ma20,candle,0.008912510000941802,1.1818396238740398,5,-0.04560013508199501,0.020770564865052566,0.5044051842512405,0.5034728557700495,0.5009635525764558,0.43868616709058894,0.467761073370451,0.43553625515454514,26.304697,2.3027826399532723,37,False,-0.04560013508199501,-0.0274746737768077,0.04654373486378404,0.03074292281175538,0.014790217287192662,0.011968925495605806,0.03119893027483831
kurt_20,stats,0.005428820090549892,1.1705417592348728,4,-0.01507275288713809,-0.007297081612131094,0.4998914149680486,0.5015813353769052,0.49841705554030563,0.333056153394639,0.39929336392490894,0.3323541218114805,4.5201,0.7904135444642779,0,False,0.01638273397701958,0.028272958379662882,0.00724357781348061,-0.01507275288713809,-0.01299275932538418,-0.011403763753370521,0.02543682202858372
cs_rank_roc_120,cross_section,0.007601659072467485,1.1601414700371997,4,-0.011374084806466863,0.02748202638399876,0.5024252542025446,0.501599581554331,0.4988391784114498,0.44667139503032677,0.47131612903225806,0.4453526986096413,2.582917,0.39928531030240955,11,False,-0.00940441319459902,-0.0069545052752883535,0.006839416341607627,-0.011374084806466863,0.018165505634834545,0.04436894495497727,0.012128680342743968
pv_corr_20,volume,0.006317582744307247,1.1581072986490457,5,-0.01961347520210235,-0.005509417992610972,0.5036449349909372,0.5040080769745405,0.5019842663482476,0.34957689297593425,0.4121420950952971,0.34636110401537545,-19.814028,-3.490300054940294,6,False,0.015687279339498067,0.009873845289026524,0.03373199459736524,0.0022813559128699846,-0.0020129514573948987,0.0041198233004279,-0.01961347520210235
dist_low_120,volatility,0.0075556092269439745,1.14998089167876,4,-0.023731522145847776,0.03329577911176706,0.5063572717696849,0.5022077874685253,0.49950028555111364,0.42781500684797497,0.4608868630447384,0.42598742230169445,23.160583,2.0816990731114187,19,False,-0.011792612445196424,-0.014313833787658341,0.01967628662499074,-0.023731522145847776,0.03547159780856819,0.014407141326869315,0.03417648787303773
cs_excess_roc_120,cross_section,0.007740564267283257,1.1374007245774986,5,-0.009116917965583235,0.02748202638399876,0.5037014981786849,0.5033390504689268,0.5009694781533113,0.3665011739385639,0.42331323003912374,0.36386527022588766,19.825544,1.530184835922888,9,False,0.010389054710473552,-0.005330476172756309,0.006731322164728179,0.0308423419661499,0.014437550943078496,-0.009116917965583235,0.0061093994443045425
macd_diff_5_35_5,trend,0.007771586907051592,1.1350727408349783,4,-0.0224890929776001,0.0085422242403651,0.5027925929034565,0.5045554622973154,0.5021221726750121,0.45715124241831345,0.4785825844278875,0.4528214672359474,2.6892426,0.3082909109096249,31,False,-0.0224890929776001,-0.01951546889295836,0.021950520651643712,0.0125936087224167,-0.004769738811464072,0.03129244276139582,0.03525829759573645
dist_high_60,volatility,0.007932878458692451,1.1318022800986232,5,-0.013169629402297628,-0.007988147404169298,0.502971379654836,0.5031991631086621,0.5007146040478861,0.3984298571708081,0.4437543838144463,0.3957656704253792,11.171265,1.3402787979328579,14,False,0.0033438508599533383,-0.006668778169210735,0.01323878584628479,0.013912183006027137,-0.013169629402297628,0.03222581536194911,0.012427613002046395
ev_spike3,event,0.004801373532698199,1.1278948562056617,4,-0.015588166862153287,-0.010934431829943692,0.5002960683430207,0.5023963313019256,0.45617977528089887,0.0024823909215417727,0.0049379112392211235,0.0027065163181646777,-24.51379,-2.8696610942826255,31,False,-0.014270789404554894,-0.015588166862153287,0.01724306588999094,0.015168330189522442,-0.003535346384972205,0.024478246653959687,0.011004846995081563
ev_bigmove5_cnt20,event,0.007519097573747848,1.0705835342710628,4,-0.0186481531193402,0.02179538833675422,0.5024791780515677,0.5087885754601078,0.5392613283674736,0.08498826061436118,0.14683512211611596,0.07838557822136262,21.839674,1.6575250377870008,7,False,-0.0041817861059934335,0.01751501678445374,0.01692993462388385,0.017425755962735823,-0.0186481531193402,-0.0006947798343654224,0.02358840601065722
ret_std_10,volatility,0.009260173695125083,1.051743949321379,5,-0.028924517998734727,0.02144775182240035,0.5022634787342735,0.5018611100974346,0.49905555142410946,0.4103159851301115,0.45035601398554465,0.40892724640854405,16.343903,1.7703525674807186,27,False,-0.028924517998734727,-0.003261660855787048,0.0028696756763689772,0.037763869762789226,0.004572844205986008,0.018775521084898387,0.03252008951613806
vol_sma_ratio_10,volume,0.0037065945011402813,1.049855560716199,4,-0.009134808104645419,-0.0023062572869289324,0.5020638547906049,0.5013198068338016,0.4981282495667244,0.35147231461553513,0.41214259084000116,0.35093481249011665,-3.784141,-0.7352036683826705,11,False,0.0068886673409172365,0.006127532874649446,0.008977119793807456,-0.009134808104645419,0.022318558776362955,-0.005233491322194281,-0.0035930780340749555
aroon_dn_25,trend,0.00542086163517393,1.049725511871841,6,-0.02057319363832938,-0.002227764478561909,0.5005530226982573,0.49882616258560497,0.4928243924805135,0.26287663862257876,0.34286580114198223,0.26529941977155785,-18.110405,-3.0557133806914303,3,False,0.008872483861540695,0.012174180188716813,0.003442070641072782,0.00035424261157749487,-0.02057319363832938,0.009253158052165407,0.024374472517967916
ret_lag_8,momentum,0.004112721276327713,1.0467904689702914,4,-0.018010007427380726,0.006314857285623191,0.5020144637028727,0.5019401768662799,0.49894495243031134,0.32963216591665034,0.3969897350554483,0.32858932720261774,3.379754,0.6583775836997156,10,False,-0.004316619936101586,-0.018010007427380726,-0.006601034371555697,0.0061587220205352325,0.006288540073139399,0.031228231062296934,0.014318060711543009
ret_std_60,volatility,0.008710172971024494,1.0169361835397606,5,-0.02370145494041055,0.025411778004668935,0.5031767380231794,0.5036188251894561,0.5011868827477068,0.41826452748972803,0.45598645531988635,0.41507620820104857,36.03316,2.63703060801106,21,False,-0.02184822651510357,0.0018742514971648006,0.02292692207323998,-0.02370145494041055,0.016066719720877757,0.021905971249494696,0.044273675512439485
gap_ma5,candle,0.004697877745281513,0.9997813723088095,4,-0.003281519484359317,-0.004866967590714022,0.5025178092136379,0.5022564439416609,0.4994726635593509,0.35905400117393854,0.4177800543532391,0.35753992871826684,0.64845765,0.12627324237710613,3,False,0.009072499739087914,-0.003281519484359317,0.004181965143085213,0.020152683152282518,-0.0010473110162112214,-0.002073925409392189,0.005574288235798006
kurt_60,stats,0.004681369924595643,0.9853276546065792,5,-0.009383005667882765,-0.008829473232067444,0.5008230623997832,0.5033390504689268,0.5011988424968995,0.2965173155938173,0.3725990350041488,0.294250021287207,4.7984924,0.770727913925644,2,False,0.00041282543264073494,0.025788260699955948,0.00025565151527756977,0.0011492886827536737,-0.009383005667882765,0.016821466196661226,-0.002651873834421945
macd_hist_12_26_9,trend,0.005894770602551625,0.9781092576450253,5,-0.019402813392306113,-0.007479841963782192,0.5001821790348311,0.5011190988821175,0.4978945054201688,0.36002005478379967,0.41787845884164737,0.35963823912223725,3.448089,0.4561022546455965,11,False,-0.019402813392306113,0.012789093713094907,-0.004159357242547093,0.02360946637950894,0.009245441594648863,0.004578251824442184,0.014203587392205935
sma_cross_5_20,trend,0.005290351435466202,0.9578128152209472,5,-0.012240911366776089,0.005530564030521213,0.5027414498523618,0.5021652130545318,0.49945204309645463,0.4291234592056349,0.4616244729901274,0.4273315573720639,6.9421787,1.1441682316053552,21,False,-0.012240911366776089,0.0065298840914053205,-0.004990344965583895,0.01142553902730767,0.0031671752666025876,0.015984051742036452,0.016984010702680595
donchian_pos_60,volatility,0.004358131815160702,0.9524574640592702,5,-0.007887185745258629,0.010550006038947988,0.5022971035574558,0.5010886885864078,0.4978562506329969,0.3606681666992761,0.4183012097746387,0.3603133476869929,14.205958,2.5978300849402105,2,False,-0.005221683331377109,-0.007887185745258629,0.008036597538183246,0.01149730883180976,0.0017730993123148287,0.0011861507985705614,0.02106960169128954
aroon_up_14,trend,0.004915299111584181,0.9514774237004143,4,-0.006529192206210278,-0.0062732218264543215,0.5041492480767384,0.4990816090695666,0.4952672696035528,0.37366709058892583,0.4259587102889722,0.3752508849396052,-16.957346,-2.978750474837377,5,False,0.01702729982138565,-0.0003983791093009826,0.011661514229257847,0.0056825930965170406,0.011964469661895835,-0.004838463134084008,-0.006529192206210278
gk_vol_10,volatility,0.007217053311369514,0.9412408793548378,5,-0.0373398817635885,0.0185194398446278,0.5014147052363549,0.5004622364947877,0.4975919705370513,0.4510492075914694,0.4731788355580072,0.4508447980148159,15.861611,1.4979531761377824,29,False,-0.0373398817635885,-0.009014121694766366,0.025039607410085152,0.017472022681042438,0.021206797176631376,0.017687124663185533,0.01541519408700453
psar_dist,trend,0.0058964554760499175,0.9381808311836949,4,-0.02428014742474049,-0.0054885899985990805,0.502098352636071,0.501605663613473,0.4987250863772839,0.40421395030326746,0.44652325149437705,0.40311279786884646,6.4226613,0.8964315260335362,13,False,-0.02428014742474049,-0.004375288022737179,0.025969141061302815,0.01948603964137293,-0.009151703117678975,0.02265692022837317,0.010478751295249871
macd_signal_5_35_5,trend,0.006424986315610781,0.9336433219793033,5,-0.03975361197550313,0.011323489164747251,0.503509633849435,0.5041175540390955,0.5017509615936621,0.4275092936802974,0.46166442173097744,0.4237735527740272,6.206294,0.674742154985506,14,False,-0.018792664873619504,-0.03975361197550313,0.0006958775961781262,0.006612685327659193,0.003296329558186542,0.034224619913459334,0.05914171199383671
ret_lag_9,momentum,0.0030176798327859766,0.8761523652543456,5,-0.015092209072467225,0.005788096225492871,0.5008654807029262,0.49980537410745784,0.4963556280075866,0.38722852670710234,0.4350532035473611,0.3880171270785437,0.93826205,0.18422500375546647,16,False,0.00367667262218345,-0.015092209072467225,0.005804816267611096,0.014816358893406352,-0.003791022462954098,0.012671987077020577,0.0029734393887538833
tsi_25_13,momentum,0.004828315534111231,0.8695337155226823,4,-0.006185987995925243,0.01650749925974012,0.4994650385051243,0.503424199296914,0.5020374898125509,0.1958520837409509,0.2817783564102113,0.19402985074626866,5.122529,0.6462258990601851,0,False,0.00042845499441206695,-0.006185987995925243,-0.005336490594935924,-0.0007981790505080666,0.009640424313455515,0.009565441510907557,0.026154046908236563
macd_diff_12_26_9,trend,0.005769252429404213,0.8249272793944038,5,-0.03051466281309194,0.008799090171962285,0.5037721242017398,0.5031140142806748,0.5005477514456478,0.44140090001956567,0.46911735081779726,0.4385955309029425,6.554606,0.7200843028942575,25,False,-0.02295580141125616,-0.03051466281309194,0.0004377535042112054,0.010606774081875528,0.0053614627055734295,0.022669247282332147,0.05504811239598133
ao_5_34,momentum,0.00512408583104669,0.8192476208605127,4,-0.033602073900108484,0.007796131925243273,0.5019337413990613,0.5018489459791508,0.49903029391866494,0.4059014869888476,0.4476738305089317,0.40454816382634506,7.838262,0.9419867438010373,6,False,-0.013115306049782558,-0.033602073900108484,-0.0010489417179813056,0.01808640316006995,0.00026431376909727113,0.02542996366728715,0.040009958952214715
ev_amt_pctile250,event,0.00380872104797482,0.7648818237112499,4,-0.00565069194927299,0.008032895739697161,0.4984465349742007,0.5006994368013234,0.49725198755617006,0.3518269418900411,0.4120857085565327,0.35190794195282754,-6.509492,-1.1890573611771251,0,False,0.005464544912420957,-0.003922429775755299,0.008415302793812347,0.013603611654502143,-0.00565069194927299,-0.0017959675724437646,0.01035116030219649
donchian_pos_20,volatility,0.003238804318924489,0.7252453880559239,3,-0.007642589671277501,-0.001824387024018451,0.5020405439858552,0.5028220754418616,0.5004397786920131,0.21568675405987087,0.3014501670640312,0.21436217445778444,-16.063927,-2.60805601745722,2,False,0.015767552305447533,-0.003162368904815396,0.015166931622894297,0.00587760775074755,-0.0013949986110701918,-0.007642589671277501,-0.002024982953591448
cs_rank_ret_std_60,cross_section,0.004582935971250452,0.7160043226620181,4,-0.03750079920495964,0.025411778004668935,0.5042059242394884,0.5006203700324782,0.49746674626134607,0.3974271179808257,0.44185524822068295,0.39734700580228444,37.65142,2.7600990773260916,11,False,-0.03750079920495964,-0.006389222111213362,0.02810392465778233,-0.00133280238571224,0.02622611306763295,0.004503529784321553,0.018700817226858794
force_13,volume,0.005029434223009967,0.7153592816581192,5,-0.0250206213202016,-0.0099288797615197,0.5010210155415675,0.5025605468987581,0.4999035896776682,0.3804416943846605,0.4320672175543365,0.37851086863968664,-4.4315877,-0.6879070652017386,8,False,-0.009397919847200495,0.02667977030887326,0.004924278681602452,0.002717169529943297,0.01219339893857805,0.02290941676589042,-0.0250206213202016
stoch_d_14_3,momentum,0.0032966518987399473,0.6855398690859261,5,-0.009090767283951197,0.011069753381438127,0.5028860705807278,0.5026274495493194,0.49999042017128736,0.31911563294854234,0.38958266464629876,0.317440912795436,4.364573,0.7649188178104692,1,False,0.0029082098717771207,0.01290108602633805,-0.002852412513169214,0.006721875985074527,-0.009090767283951197,0.0022577631573030945,0.009925370717678074
cs_rank_vol_z_20,cross_section,0.0026898011506858864,0.6836149914073737,4,-0.008488911668649375,-0.0030037454631012435,0.5006814584073171,0.50363098930774,0.5018718042366691,0.2688563881823518,0.35014014524143205,0.26644284689024317,-8.094003,-1.5747844683968744,0,False,-0.004508019014762704,0.020183136471620504,0.004646999432070878,-0.008488911668649375,0.0026688296118470263,-0.0011150336562195267,0.0053714288303455884
mdd_20,volatility,0.004652580394319168,0.6826504557759229,5,-0.025638763665705926,-0.013391479874843877,0.5009178199425194,0.5039898307971147,0.5017190607607036,0.39794071610252396,0.44384432305625454,0.39448843800557115,-1.0067439,-0.12453344640168448,18,False,-0.007104911936753663,-0.025638763665705926,0.019896426083258797,0.008440744246087874,0.0035820091416870247,0.01949985390912258,0.014080755912269271
parkinson_60,volatility,0.0060819171170316665,0.6575841210891672,6,-0.03257289988050114,0.02278038803998123,0.5027955432748659,0.5003345132528069,0.4969567177637511,0.37740901976129915,0.4290102863497359,0.37772020095123404,34.541946,2.8145430370149467,7,False,0.016002047886997276,0.002057601806868645,0.008866723812214202,-0.03257289988050114,0.01598740264618627,0.01804570772748526,0.015027926706677209
ev_limit_up_cnt20,event,0.004458268511831738,0.6348743626180269,5,-0.03879177916424238,0.016065100485401593,0.5004314911157629,0.5051819143889356,0.5201655597266339,0.06608295832518098,0.11726794336244777,0.06318651242564682,27.354803,2.1717310406041594,6,False,0.011038096114893337,-0.03879177916424238,0.01026978621343799,0.012408251950376025,0.017347863962058816,-0.00391535135361867,0.023418727998454986
aroon_dn_14,trend,0.0027058069189408035,0.6144104285944351,4,-0.011820787690655987,-0.00908917596439249,0.5000229802400409,0.5003041029570972,0.4956860624901444,0.2690765016630796,0.34880753287309674,0.269988687369996,-14.704634,-2.8794941533018106,0,False,0.004296136359900044,0.01874248285401735,-0.0028866977211846165,-0.009644753869912662,0.0005356557473261025,-0.011820787690655987,0.019726730918039302
range_ratio_ma5,candle,0.004007500564608363,0.5651549923671759,6,-0.04586967521862639,0.01700873369290426,0.49938651518167876,0.4990147064190052,0.49576434073209275,0.4258095284680102,0.45813187030056635,0.42718558795265726,42.72851,3.9829822567460216,7,False,-0.04586967521862639,0.004050617071152384,0.012543112789849506,0.03277681417118714,0.019253257127782822,0.004172849194989898,0.0005970902941674107
parkinson_10,volatility,0.0041326849359488585,0.5558628731865167,5,-0.03575549403323691,0.019685126756083644,0.5012935087316505,0.5015752533177633,0.49876735619155566,0.43048082567012325,0.46211504633883793,0.42927173423834375,31.22281,2.7154866988006905,57,False,-0.03575549403323691,-0.0057081862008576045,0.01642882242931251,0.008691414777231085,0.028009303509812167,0.012448573307118769,0.0049413575940980715
close_pos_ma5,candle,0.0025560120749855758,0.55314288349058,3,-0.010329768072997226,-0.004786111032827829,0.49798238860788474,0.5022017054093834,0.4992060829699206,0.27296517315593816,0.35294210655303543,0.27195927453198554,-6.1903887,-1.3794330773034973,1,False,0.03395043646347748,-0.003742328268883111,-0.005054547814170204,-0.0054316579349948345,-0.010329768072997226,0.006301503482606573,0.0024099894174026133
ppo_12_26,momentum,0.003818219572040228,0.5411610070049812,4,-0.03546065628847779,0.008721344302445321,0.5014680022109872,0.5027734189687261,0.5001618100209649,0.43468743885736644,0.46513179846513175,0.43225802527703777,-2.6471245,-0.3046370100358333,22,False,-0.025723343762654744,-0.03546065628847779,-0.0008004457890415672,0.011973004423115826,0.005890670132458141,0.023225804602987003,0.04789734642095628
parkinson_5,volatility,0.0039512665134303114,0.5383018410459657,6,-0.04253762691857576,0.016795920240656785,0.4987246742509413,0.4996350764514834,0.496460824993898,0.4228379964781843,0.45670133729569096,0.42360933717719473,37.15482,3.2580094914810522,9,False,-0.04253762691857576,0.006061046863506368,0.008974746983672182,0.034558860536039356,0.009801043422075025,0.005480886334651265,0.0046475002721603625
linreg_slope_20,trend,0.003126395501964929,0.51637225272818,4,-0.019134788751152168,0.00441422769229071,0.5013137911848647,0.5009366371078592,0.497721667837136,0.37266435139894344,0.42620887381560085,0.3723983992020338,29.16651,2.6272407098775252,31,False,-0.019134788751152168,0.003774570378330128,0.0038292268726022286,0.01895842951122348,-0.0034942764974659453,-0.01303198174458395,0.030536899933692557
up_ratio_20,momentum,0.0022847862675036807,0.49866919346968674,4,-0.01873029096317531,0.015175550590903359,0.5007873010395237,0.5016299918500408,0.4982704039916979,0.290635394247701,0.3671287893415717,0.29010813901154375,-2.9938438,-0.4757323110654733,3,False,0.010465536792076712,0.016749748265903856,-0.01873029096317531,0.017022864088524898,-0.017898397173110925,0.009792089162145258,-0.001960529439697727
macd_hist_5_35_5,trend,0.0029130464582283458,0.4949573151316402,4,-0.01812498073268187,-0.0133177032851882,0.4997324792637024,0.5009974576992786,0.497831729296642,0.377629133242027,0.4294783981308281,0.3772762106338722,-6.4953403,-1.135428307645591,5,False,-0.0011962074459427113,0.009214577023792093,0.004246201401175031,0.0164150411422321,-0.01812498073268187,0.020013729780329934,-0.010761618857391091
ev_breakout_vol_60,event,0.002505879791687795,0.48224071371931676,4,-0.026039327938875277,-0.005424222748104714,0.500284176891697,0.5024753980707708,0.4899845916795069,0.0077773429857170805,0.015311649854346725,0.007894512766242139,-22.768631,-2.7734695384801653,31,False,-0.006738422103634833,-0.026039327938875277,0.005083964414132324,-0.02130194397810902,0.01206284261115447,0.034697545259568564,0.008927573575333485
cs_rank_roc_60,cross_section,0.0032940807193458056,0.4799737196906001,5,-0.0034881110559429095,0.01652320188409622,0.4991883464477814,0.5031991631086621,0.5006722470399445,0.4234983369203678,0.45886304464480915,0.42070211290734594,4.8771396,0.5897008256943331,0,False,0.00568612170788758,0.009657390471296264,-0.0034881110559429095,-0.0022615594938198568,0.0029795522278538485,0.009181042948874047,0.0013510839271483924
vol_z_60,volume,0.0015696281101393289,0.4786022729414944,4,-0.007064686930721465,-0.006036683955746569,0.49900430343638946,0.5013198068338016,0.49795864363210224,0.32216053609861084,0.39121783163303187,0.3217774209636414,-8.703437,-1.7723586752229337,1,False,-0.0036590764676480638,-0.007064686930721465,0.006058921121922487,-0.004233789097142819,0.00847720072273958,0.006428757718142326,0.005284157361680323
ev_limit_up_lock,event,0.003767624306548695,0.4299152759907103,1,0.0037676243065486955,0.0005208837386270571,0.49978693669210783,0.5026213674901775,0.49606299212598426,0.0015407943650948934,0.0030720468121418995,0.0015448430220535464,-26.057007,-3.0834616783407833,25,True,,,,,,,0.0037676243065486955
bb_pctb_20,volatility,0.0017971713160608658,0.42206752491754324,3,-0.008938709525213109,-0.0033605889397192957,0.5014526336154863,0.5015448430220536,0.49852677322183997,0.37035315985130113,0.42498614297641846,0.36949117493218503,-10.126932,-1.960248490983898,5,False,-0.008938709525213109,-0.0039659492327219,-0.0012117353274995295,0.003832366482997596,-0.004394960176760781,0.020767172522184255,0.006421126916970207
ev_vol_dryup,event,0.0017003719248217652,0.409014155773735,5,-0.00888674647125718,-0.001274668241514257,0.4991733859532057,0.5023659210062159,0.4575289575289575,0.002898160829583252,0.005759836683111769,0.0031505066355265237,-28.02549,-3.320379073069813,7,False,-0.0049143481853460924,0.00947316789141945,0.002067503129744845,0.0004021309341077496,0.007118620286106906,-0.00888674647125718,0.006896625694225291
parkinson_120,volatility,0.003998197234890709,0.4056863652524001,4,-0.0395264643587303,0.022324427787455074,0.5029014089903733,0.5038438613777081,0.501695261785903,0.3600811974173352,0.41925264649139665,0.35697429721806617,25.944881,2.5071209696121666,4,False,0.01635981498818006,-0.025377219804383472,-0.005465368647451718,-0.0395264643587303,0.0054119734299088815,0.028794177900567167,0.04898175395314017
pvt_roc_10,volume,0.002268946194514427,0.40401416619302444,3,-0.011238500745972265,0.0015487750699667289,0.5002079812824117,0.5039290102056952,0.50163863800717,0.3986866562316572,0.4442763798894862,0.39529126981230767,-4.6540513,-0.9227939570861284,10,False,-0.0029413998222904453,0.00829305904273508,-0.0009397665572921352,0.0235818667931103,-0.011238500745972265,0.006210929172117539,-0.007686242186201726
gk_vol_120,volatility,0.0034325781509943784,0.35653565701397283,4,-0.04006706741050824,0.023203396954598166,0.506035613959769,0.5030714398666812,0.500559510117808,0.3938441596556447,0.4408354891252276,0.3913318493109027,27.065983,2.4806574483740396,0,False,-0.012300336006467422,-0.009067684896829643,0.004699448288598632,-0.04006706741050824,0.013850213967372687,0.024689625216554843,0.04315670944594042
cs_excess_roc_60,cross_section,0.0018816169724494957,0.3370714450594802,4,-0.02009887066965474,0.016523468286426,0.49906798390131285,0.5013198068338016,0.4979276202172161,0.3173180395225983,0.38761670027634626,0.3169604301232225,32.181946,2.565459821303369,0,False,-0.00842356099829645,0.0006260955593092531,-0.02009887066965474,-0.009179377351172125,0.02713001849904189,0.017745294030830767,0.005931352199009539
close_pos_ma20,candle,0.0015894270222826027,0.31121438700227866,4,-0.01727283558578814,0.005530378835058218,0.5000481093726437,0.5000243282365677,0.496623801803787,0.38583447466249265,0.4342745459675588,0.3864114634650707,-8.683244,-1.3862076572087265,15,False,4.607733301972752e-05,-0.007253914783013281,0.02282286617633756,0.011313711176261605,-0.008709428289518616,0.009906618641163873,-0.01727283558578814
ev_days_since_limit_down,event,0.002343325373657703,0.31055151517874396,5,-0.013072910069696025,-0.009508230237543493,0.5006702107729354,0.5049386320232578,0.5355068390481544,0.03494912932889845,0.06561592414450196,0.0324599496405503,-17.207218,-1.8785164338896063,4,False,0.021945990498414527,-0.00031118697596907923,0.005251881815222738,-0.013072910069696025,0.011363426681038737,0.0016529577969043308,0.0010630084687350658
cs_idio_std_60,cross_section,0.0027235803197627937,0.3096011895057024,3,-0.03448744143153878,0.017335561360961746,0.4992563787808192,0.5005169750270652,0.4971600182803421,0.37248092349833695,0.42588294510779906,0.3726355995085696,35.583195,2.8359255313846616,10,False,-0.03448744143153878,-0.012102708275182927,-0.0017370210669926881,-0.03180587127801318,0.04507829127211028,0.014116906370875692,0.04114716443496725
skew_60,stats,0.0014426153936298784,0.2968976165468467,4,-0.010351481547461695,-0.010860056169733978,0.4994365308502684,0.5027065163181647,0.5000801410482449,0.4578360399139112,0.47802660810500247,0.45535160383899576,-6.086563,-1.1317850315133562,16,False,0.0011014026385146546,0.010775505498042265,0.006542591616923876,-0.010351481547461695,-0.009186794912918541,0.02031607042186968,-0.009173992994465741
range_ratio,candle,0.0016951657947943423,0.29224928875974415,5,-0.026925169669091094,0.011466391584437342,0.4984209631897061,0.49961683027405757,0.4960996477101158,0.3857366464488358,0.4340121078701155,0.38672164848130985,6.1248384,0.9354281521563359,7,False,-0.026925169669091094,-0.01664035304971657,0.007240239612237961,0.004521716085989887,0.02036765167331732,0.004895746534965521,0.018677207077192056
ret_std_20,volatility,0.0027441924698111972,0.2855682826028028,3,-0.023995239893730255,0.022199034777642762,0.4989721580900381,0.5005413032636329,0.49710213296492234,0.3608026804930542,0.4181251328562318,0.3609945383108905,30.203999,2.3895886530301014,4,False,-0.023995239893730255,-0.015090807827902716,0.003380268621505319,0.03944326432781037,-0.005500818094472462,-0.00584968452940852,0.026221530690054565
ulcer_14,volatility,0.0016298611138272827,0.254501954494692,3,-0.017103111555629356,0.00865554300498849,0.5005133248953174,0.5046649393618704,0.502621993342963,0.39147182547446685,0.44013803723155603,0.38737851086863967,-15.492612,-1.7867009735721624,9,False,0.004011336417718309,-0.015985014583475586,-0.0016372107268283755,-0.00401292345409751,-0.017103111555629356,0.026004843534540117,0.020233857728612074
body_range_ma5,candle,0.001239036478253307,0.24940149027646955,4,-0.017433199363792083,-0.004827172970344487,0.502345381763731,0.5015752533177633,0.49831871062497585,0.31532478966934063,0.38624346549632266,0.31472223235898744,-9.225085,-1.9010891017910354,4,False,0.023381347022926463,0.009126123487474012,8.084009596177653e-05,-0.017433199363792083,0.0003261359617718216,-0.0006140342808375933,-0.005898133246317859
aroon_osc_25,trend,0.0011665947126212317,0.23849363958288208,4,-0.026531470418770603,0.0010055988015995557,0.4988918837650342,0.5004865647313554,0.4963126997722857,0.29051310898063,0.3664987696983254,0.2911299249473902,-11.010699,-1.6569162126840136,7,False,0.0034298651077806523,-0.0062642969113701685,0.011035845266432772,0.024900958347121874,-0.026531470418770603,0.012397698830616624,-0.01179887429657846
ret_lag_3,momentum,0.0007996308964059944,0.23649896543160773,3,-0.006824947223833893,-0.0017737287360497075,0.499265388666727,0.5017151406780279,0.4983852685159441,0.28496135785560556,0.36259948806921183,0.2843788392998334,4.464266,0.7654748900046465,2,False,-0.0031427600030907795,-0.006824947223833893,-0.0005413415713175774,0.010823479953330346,0.0013443808760038886,0.006278834546457384,-0.0024153907587402853
ret_lag_10,momentum,0.0009458537371075956,0.2347681920705903,3,-0.01847186937344928,0.006514493116567673,0.49887363412201213,0.5006629444464717,0.4968382840860299,0.311301604382704,0.3827717383132603,0.31163254631488035,3.4669652,0.5653526511949661,5,False,-0.013266841950993062,-0.01847186937344928,-0.00028846063816565816,0.010530340470413195,-0.0035288149630964753,0.01421034825807957,0.017464279850791242
pv_diverge_20,volume,0.000969689253539024,0.2227474651417002,5,-0.010389569489821815,0.0021830898647386804,0.5003952412329492,0.5022503618825189,0.49907578558225507,0.2080072392878106,0.29363277777298263,0.20729482173484656,-15.804415,-2.97302595882505,5,False,0.0038997329897906942,0.006590193210866504,-0.004965744639989992,0.0006456647069625286,0.010168499318288185,-0.010389569489821815,0.0009253978280090896
macd_signal_12_26_9,trend,0.0013782546415406793,0.19843473750099247,4,-0.03177604571525552,0.010022422480709689,0.4960513991526255,0.500857570339014,0.49743796722001893,0.3466420465662297,0.40857006961560083,0.34659222226276926,33.724,2.7123275164742733,8,False,-0.03177604571525552,-0.014942211874625206,0.02227752733568803,0.008749239705485658,0.0017924012108045408,-0.02546310179019484,0.04987421379118704
ev_breakdown_vol_60,event,0.001500538577005389,0.18239556742540375,3,-0.039388266187078524,-0.0010698319401180466,0.5005692381253735,0.5026761060224549,0.5025053686471009,0.008584425748385834,0.016880478039748476,0.008496636621294506,-22.5508,-2.716905938431522,19,True,-0.03793905328154454,-0.007824519683451499,0.009331956946661673,-0.007761500766347494,0.04261176969337304,0.015682702668190208,-0.039388266187078524
bb_bw_60,volatility,0.0010697079508800538,0.14614294157538726,3,-0.045328824603425924,0.03320035607415076,0.4992981713933304,0.499470860854651,0.4957225585680442,0.3684699667384074,0.42272727272727273,0.36969188288386917,24.048975,1.8027686024787415,3,False,-0.045328824603425924,-0.019007210692967326,0.010567185724662595,-0.012707018302276597,0.0279428458699357,-0.014899196889367822,0.06149893927841482
ev_new_high_250,event,0.0007624523832658736,0.13262239648054946,4,-0.020373746322489308,0.00640241176256047,0.5000470848292042,0.503637071366882,0.5136251032204789,0.03803071805908824,0.07081782058726417,0.03682686810446545,-6.2521143,-0.750334560575152,24,False,-0.01222455785333022,-0.020373746322489308,0.0035094972255738516,-0.013270495729422137,0.016530035433357945,0.0007335682805888007,0.025923427317267194
body_range_ma20,candle,0.0005547241594722449,0.121645464616758,4,-0.02252194360378593,0.009384464737989193,0.4999845069618313,0.5007906676884526,0.4976273628490439,0.3885614361181765,0.4363828633033256,0.38835772239049254,-3.7820168,-0.5670854981323934,21,False,-0.02252194360378593,-0.001693660246621525,0.022631338973000036,0.010089797452270179,0.005145234575380518,0.005578804997693755,-0.01560591167329236
vol_sma_ratio_60,volume,0.0002987667665583955,0.09311063849049502,4,-0.008940347066830775,-0.005005809421510859,0.5002166382601592,0.5018793562748605,0.4981948407383684,0.20924232048522795,0.29470729060815354,0.20889440328917758,-23.99324,-4.163160766064218,5,False,-0.007826416754345106,0.002596251023973647,-0.003715842491462529,0.00905392897210411,-0.008940347066830775,0.0012795650281929125,0.009343566591896987
ev_down_streak_ge3,event,0.0002972029227142988,0.06999047994751563,2,-0.009432572280595715,0.0005230310335498186,0.5006059075767779,0.5029741269204102,0.5020731526728861,0.0829216396008609,0.14233538338825805,0.08214429077108346,-20.272102,-3.632440562528504,3,False,-0.0024471051921195054,0.025124635402392848,-0.002496512832001818,-0.005689722215138173,0.005053741679319716,-0.009432572280595715,-0.006818951128154875
ev_limit_down_cnt20,event,0.00042584188572035035,0.04921969871297789,4,-0.03183835333758032,0.010165549417367368,0.5016562166412266,0.5046831855392961,0.5322364645111919,0.03401976129915868,0.06395181775341081,0.03179092313493657,-4.226875,-0.4038168726911951,4,False,0.03721565453451572,-0.03183835333758032,0.0034665430349677517,-0.02009822429815528,-6.724837645921538e-05,0.009284362833695686,0.027272611895489796
turnover_z_60,volume,0.000186362975798562,0.047297744102699435,4,-0.015135326161124032,-0.005595661575104666,0.500229944377507,0.5015874174360472,0.4974495848161329,0.20512130698493444,0.2904689339890559,0.20508703426632122,-15.890413,-2.9637751985949405,2,False,-0.014381626764556609,-0.0009689788363170025,-0.015135326161124032,0.003848148494648421,0.0014609666878756566,0.014284530822943724,0.012107475142228223
ev_new_low_250,event,0.00020104910655045077,0.030364610810081002,3,-0.025905954114904046,-0.020379400895994628,0.498881193533185,0.5021226386405382,0.4855371900826446,0.01724222265701428,0.033301842229570146,0.017662299748202753,-13.677787,-1.6249272948680844,3,False,-0.00019473832174885577,-0.023014174339642843,0.011160026820940888,-0.02072204238021122,0.02144557991610555,-0.025905954114904046,0.029344833598056386
lower_shadow_ma5,candle,8.900959962671619e-05,0.02796372704637851,3,-0.007942225124889022,-0.002286914516911472,0.5000867178953222,0.5031200963398168,0.5007731560228854,0.3168166699276071,0.3880999460722631,0.314661411767568,-0.73462,-0.16377973311338634,8,False,-0.001107390442520612,-0.007942225124889022,0.007007465673869204,0.005468047186552513,-0.00076229109335589,0.004343013956982751,-0.006394760260006342
aroon_up_25,trend,-6.285412459542346e-05,-0.010330738524920493,4,-0.029125846137225665,-0.003636350536173493,0.4987505739366869,0.4971779245581384,0.49283122612406693,0.3770421639600861,0.4272303396864326,0.3805118660973859,-6.581571,-1.143344055464951,3,False,0.01664952060532723,0.009444749094936014,-0.0034393711875626218,0.010529188684400585,0.013436804811867986,-0.029125846137225665,-0.01797759958809455
ev_bigmove5,event,-0.0002074822200423665,-0.04300786917786715,3,-0.015112275375581354,0.00843642365103758,0.4997942465520805,0.5032539016409395,0.5106694560669456,0.029849833692036785,0.05640279125652757,0.029072242698488,-10.329893,-1.4201240809508977,51,False,0.0007132336992969609,-0.014150804925697704,-0.015112275375581354,-0.005815657067666117,0.03217913611645099,-0.005808260633308007,0.008661504306791438
ev_vol_dryup_cnt5,event,-0.0001903020657567829,-0.04413433949442743,4,-0.00984862175966867,-0.0045811517152690995,0.49992476390139257,0.5011616732961112,0.49411764705882355,0.12429074545098806,0.19862036620874288,0.1251079565497695,-15.650547,-2.5684611845767997,2,False,-0.00984862175966867,0.010206190724385153,0.0032908230100573126,-0.0070162723504175895,-0.007563790918854423,0.002232525528430691,0.007148860028372838
ev_days_since_limit_up,event,-0.0007582994126378812,-0.12555763376043289,4,-0.041011178840370414,-0.016415243488706967,0.4995217669012415,0.5042696055176441,0.5163964403267097,0.05180003913128546,0.09415530290401092,0.04989113114135922,13.077665,1.3583508075196091,26,False,0.003939760091030664,-0.041011178840370414,-0.007257994163110144,0.010494896973718398,0.02141555980783607,-0.010364296986131089,0.01810931088415364
upper_shadow_ma20,candle,-0.000566054648955706,-0.13633711769242485,4,-0.019887462975765095,0.002952627087956032,0.4980342394728937,0.5010400321132723,0.49589161387442765,0.193357464292702,0.2782284316658162,0.19393253779999756,-13.201712,-2.3478817448968066,1,False,0.01025625860588735,0.002942878617535038,0.019531494332524928,-0.01097234128265768,-0.01808359940323449,0.012123408061969848,-0.019887462975765095
pdi_14,trend,-0.0010810451091994356,-0.18422466113393668,3,-0.020629098045923264,0.008254782489813763,0.4990503114148023,0.49979929204831586,0.49606777601512136,0.35944531402856583,0.416847479259732,0.3603863323966962,-14.119898,-2.407501814050557,4,False,-0.007366358987316477,0.011814557341323577,0.009340144849469354,0.010085085085848704,-0.020629098045923264,-0.004274584346772968,-0.007192855011350267
rsi_6,momentum,-0.001151925162912263,-0.1952172175034773,3,-0.010662831173615196,-0.005141387927105877,0.5004320609477655,0.4999695897042903,0.495554382688482,0.29852279397378206,0.372594209313329,0.2996143974504008,-25.451431,-4.227297249155999,3,False,0.005183345395951976,0.01021453639883425,0.0062167441669077625,-0.010662831173615196,-0.00039635200623975555,-0.0087194873177755,-0.009878036728182294
cs_beta_60,cross_section,-0.0016340935011353278,-0.20503224559869462,3,-0.03174107310082417,0.026054371205587578,0.49704803029398925,0.4991789220158377,0.4954771308446936,0.38045392291136765,0.4304133694870234,0.3819046576408909,6.07312,0.7065251483266266,3,False,-0.03174107310082417,-0.006023506919221527,0.018042033933203222,-0.019873674441960157,0.0058437739558108446,-0.020236506289201647,0.04279317876480138
cmo_14,momentum,-0.0014427122117386302,-0.2503851482840341,3,-0.02848066277834154,0.006156112471746801,0.4991241560786564,0.4993917940858057,0.4946792580909218,0.3029862062218744,0.3757991248492754,0.30463209624250387,-11.97284,-2.0707879552945916,0,False,0.009653799807483708,0.021512087618474597,-0.009085997928013546,0.008937943798502384,-0.0010694698290129561,-0.02848066277834154,-0.01189491338873704
mfi_14,volume,-0.0019478573865415517,-0.3081581405962609,4,-0.028380520027651245,0.004838393453461056,0.5011163451358543,0.5022017054093834,0.4990593285460664,0.23031207200156525,0.3151738275530268,0.2295308299577905,-20.055483,-3.243415643930081,0,False,0.013465434131355461,0.015477473343838455,-0.008056761652500142,0.005369088152948426,0.012164141502083774,-0.028380520027651245,-0.023746938072805125
lower_shadow_ma20,candle,-0.0016724430463934627,-0.3488192021436867,2,-0.015007880657656443,-0.0011638810148030007,0.5017938728713166,0.5012224938875306,0.49795103684600983,0.34473439639992176,0.40741383047908086,0.34432969626196647,-9.864857,-1.8332146369264422,5,False,-0.00894179578398041,-0.015007880657656443,-0.000106805874957762,0.027386542539743947,0.006118772547271128,-0.01279268242105436,-0.008618173048660792
up_ratio_5,momentum,-0.0020028700969583154,-0.36097266260407473,3,-0.0161565165664922,0.0014223454534870795,0.5004456191318016,0.49979929204831586,0.49559213015512676,0.32035071414595967,0.38915297543004845,0.32149764624311206,-15.290992,-2.9940200130572396,9,False,-0.003083536406771476,0.014602209790773943,0.00233062253095505,-0.004656159877474364,0.004957497854715741,-0.0161565165664922,-0.012112287077240673
ad_roc_20,volume,-0.001946656873913461,-0.3775221228336472,2,-0.025089957176567906,0.0016471204137903281,0.4986994014395864,0.49914242966098604,0.49512948443810884,0.35677949520641755,0.41472047305653087,0.35839141699813887,-4.6842875,-0.8043796817360149,1,False,-0.010259654094292796,-0.00518532719875472,0.0154305860429004,0.014282287986341555,-0.025089957176567906,-7.339625059190159e-06,-0.0034183507028361644
cmf_20,volume,-0.001946656873913461,-0.3775221228336472,2,-0.025089957176567906,0.0016471204137903281,0.4986994014395864,0.49914242966098604,0.49512948443810884,0.35677949520641755,0.41472047305653087,0.35839141699813887,-4.6842875,-0.8043796817360149,1,False,-0.010259654094292796,-0.00518532719875472,0.0154305860429004,0.014282287986341555,-0.025089957176567906,-7.339625059190159e-06,-0.0034183507028361644
cs_excess_roc_20,cross_section,-0.0032073525152045276,-0.42310717061602116,3,-0.03409726445560332,-0.0015975652132980314,0.5003894832070783,0.5009852935809948,0.49776391570539796,0.36884905106632754,0.4237179802350165,0.3685545378243258,-6.7494087,-0.7767336431255649,3,False,0.021394827243911906,-0.008206735558369196,0.0035877339491430437,-0.0023125384755689547,0.0081781382632744,-0.010733717587264376,-0.03409726445560332
dist_low_20,volatility,-0.0030049053494297494,-0.5016270025645128,3,-0.026185925389610776,0.013598095308636721,0.498366137316303,0.5002919388388133,0.4972257051032614,0.42189639992173744,0.4564741371896562,0.4220158376820056,-18.038721,-3.0031422046383853,0,False,-0.020709253782371508,0.015843343088744206,0.0094836959547914,0.010108096704050723,-0.005133300163894648,-0.026185925389610776,-0.005042542980482113
up_ratio_10,momentum,-0.002057455606696816,-0.5066647055423897,3,-0.018478704553143765,0.012634707653219161,0.5006723299235518,0.4996046661557737,0.49594528578407426,0.3724320093915085,0.425404718338385,0.37349925190672556,-3.8369944,-0.7435720239325804,8,False,0.0014170304083866775,0.007909980517415881,-0.01207230898001153,-0.00908000147583598,-0.001408410778992716,-0.018478704553143765,0.01736652457801335
cs_excess_roc_10,cross_section,-0.0028689551445936546,-0.5068628001353439,3,-0.015188669901107727,0.0016822084470224693,0.5006565696517823,0.5001277232419808,0.4967063187515989,0.37989141068284094,0.4305155210643015,0.38039630697368904,2.1761227,0.31783024454590497,1,False,0.004587753269659322,0.011702162098789793,-0.000804097706495047,-0.015188669901107727,0.0035817151247720404,-0.008895819360675357,-0.014940484210321098
vol_ratio_5_60,volatility,-0.0020546831180810847,-0.5099217281598204,3,-0.01966067046393047,-0.00098244338674135,0.49744337370013963,0.4988626549404566,0.49412923263389136,0.31906671884171395,0.38775449546738,0.32115705093116326,-12.066712,-2.204830809599401,1,False,0.01671392071440501,-0.002617197415499905,-0.009903466384585287,-0.011999538156835979,-0.01966067046393047,0.0049066636881538155,0.008470717607256616
ev_spike_down,event,-0.0021171273788337334,-0.546877464503411,3,-0.018085078895617383,0.00011262782689554748,0.49931573837731763,0.5022990183556545,0.4925775978407557,0.02231706124046175,0.0426995472678139,0.022534029120899173,-27.137236,-3.72328938612479,1,False,-0.008808953719910771,0.028687514002948365,-0.018085078895617383,0.0015942948813290933,0.006238243113074767,-0.014965539929183081,-0.006954469361480687
autocorr_20,stats,-0.0025796799628563442,-0.5740340053019178,2,-0.013991500184242877,0.004605969406726634,0.49747963386686006,0.5011860015326789,0.49634677964020385,0.19771081980043045,0.2827809357236555,0.19811699448965442,-13.931026,-1.990992231011454,0,False,-0.008199774292800858,0.011831198122346159,-0.0009853620280895511,-0.005267709680712975,-0.010329392996316949,-0.013991500184242877,0.008637074671535624
rsi_14,momentum,-0.003956256975543049,-0.6674791130604831,2,-0.019880084460799256,0.004335183873552978,0.4984105853222707,0.5006629444464717,0.49572288520435104,0.22960281745255331,0.313843479423662,0.2303640720602367,-15.099351,-2.133358917828852,0,False,-0.0015038709639034053,-0.0020001417551281995,0.006095067471230452,0.0040527547670470565,-0.019880084460799256,-0.00955090274066768,-0.005297596987632364
trix_15,trend,-0.004857478663189804,-0.6724465043829148,4,-0.04288832409517184,0.009229763325891373,0.49494680541460473,0.49742728898295807,0.4921775048433673,0.3293019956955586,0.39459301047695805,0.3327737838922746,23.069654,1.859543060528065,8,False,-0.0390387029961179,-0.015501526688428014,0.0047874830210512115,0.0011454427317598161,0.004540377968949426,-0.04288832409517184,0.053160775849047694
gk_vol_60,volatility,-0.006274191125055614,-0.6817665922009936,3,-0.04819041778570379,0.022997729943180882,0.49741266188597216,0.49795034606916516,0.493902245874117,0.381334376834279,0.4303793974357205,0.3840090501040032,24.399284,1.7941942469262244,5,False,-0.017003647906675374,-0.020296932610853732,-0.0010750432451469933,-0.04819041778570379,0.022171048380198944,0.005829815430263099,0.01579931194911624
aroon_osc_14,trend,-0.003146061595493358,-0.7013167390349399,2,-0.012681861440201546,0.0005157998627015701,0.49650121064101255,0.49962291233319955,0.4935872522347454,0.23295343377029937,0.31652142127256566,0.2347370725832938,-24.533504,-3.7934299060497976,2,False,0.010549056807115898,-0.003789575219941266,0.0012419807242838377,-0.002024346371855369,-0.010481004680019782,-0.012681861440201546,-0.0048997143481326185
mom_accel_5_20,momentum,-0.004130911181513362,-0.7150806138935064,4,-0.031957242353342484,-0.006754752592400527,0.4966749674523087,0.4997141432203287,0.49490835030549896,0.28526707102328314,0.36192131066153654,0.2866839397146298,25.374798,2.425041387677253,7,False,-0.027288875071504026,-0.031957242353342484,0.008176123268874274,0.02504431189376992,-0.01955649821824169,0.004360496330883741,0.011830249439974138
mdi_14,trend,-0.003864178624383243,-0.7294501993830962,4,-0.02380036702652962,-0.004074897619778255,0.49725561464720164,0.5028281575010035,0.5004471521994299,0.2189762277440814,0.30464961976215993,0.21762824021700786,-20.968943,-3.2209792029267836,0,False,0.008471743082084291,-0.0062409220403671,-0.02222479463528672,0.004768353769450883,-0.02380036702652962,0.004987412458503267,0.00776494225108359
ev_new_low_20,event,-0.0038908972461781967,-0.7345024431210336,2,-0.025858972929251316,-0.0030645553522088125,0.49998065663762026,0.500954883285285,0.48850383205598136,0.07170808061044805,0.12505864789933885,0.07300903793988493,-31.218065,-4.699301586855888,0,False,-0.011013194907940104,0.03460184051342128,0.005622147208432383,-0.0025146000374154385,-0.005004381480453054,-0.025858972929251316,-0.01890626264834975
ev_new_low_60,event,-0.004668267558440406,-0.7786563776780406,4,-0.040921452078378294,-0.007305377145360258,0.49929072828648224,0.5019949153985573,0.4910941475826972,0.03540158481706124,0.06604236292502652,0.035853738641754555,-25.469263,-3.2867894538433724,11,False,-0.040921452078378294,0.006786929710988435,0.003554008091049157,0.009031190678188639,0.0018377453877929373,-0.009628384967987218,-0.008947939100700913
pvt_roc_20,volume,-0.005033162755492561,-0.7814744844929783,3,-0.03347533620586751,-0.002337267321974545,0.4979891927807973,0.499787127930032,0.49669631512071155,0.430211798082567,0.46106968271234416,0.4307922490238295,-1.9732337,-0.25297281753834744,18,False,-0.02701364935286823,-0.028636050574798344,0.021955693440889216,0.024293496143752907,-0.0017571737426105066,0.009046999400186056,-0.03347533620586751
keltner_pos_20_10,volatility,-0.005461160023889015,-0.7956617015070261,3,-0.022611167137391107,-0.00027257810820897525,0.4991383176098726,0.49853422374679174,0.4936670800917052,0.32124339659557816,0.3892140158530262,0.3236506951793599,-13.912538,-2.0094892718633384,5,False,0.003885741813092845,0.01569132088340219,-0.005573400589628719,0.0030492084693554025,-0.012087948891605107,-0.022611167137391107,-0.021027825709883638
vortex_neg_14,trend,-0.004023952144333637,-0.8008951164991953,3,-0.027571206837675936,-0.006892664603226321,0.49883879143274384,0.5006751085647557,0.4971102415909825,0.3386812756799061,0.40288020946977965,0.3388558430342177,-8.343328,-1.4650636926118776,5,False,-0.005129267043313784,0.022768263282991197,-0.01116510912841723,0.013408719443745522,0.002977817489466302,-0.027571206837675936,-0.02396542015782488
ev_spike_long_black,event,-0.00592272152368874,-0.8152730863131409,2,-0.14536439892385414,0.005369509201519226,0.49947974049632204,0.5025058083664805,0.48934010152284263,0.005894149872823322,0.011647998453377799,0.00599082825481395,-27.869751,-3.5308534946419012,45,True,-0.009937451683031995,0.04797252014335458,-0.034956763463073054,0.0005362983765130764,-0.14536439892385414,-0.009064730491694177,-0.001516894344751783
upper_shadow_ma5,candle,-0.0033258870405970314,-0.8702858669568563,3,-0.017357477720794823,0.004241788899019359,0.4998178817068041,0.5002311182473939,0.49521757028355573,0.2500855996869497,0.33233934331656817,0.25117079638482404,-15.244386,-2.50527268722622,0,False,-0.011590720305567879,-0.0031775283566531066,0.0076195485121165665,0.001614460147154614,0.0036158407691458806,-0.0040821569171478,-0.017357477720794823
cs_rank_excess_roc_20,cross_section,-0.007910767519569118,-0.9373807847234148,3,-0.03425658330004781,-0.0015975652132980314,0.4972434886636204,0.497968592246591,0.49418137128465006,0.39829534337702993,0.44108744963943525,0.40086243598632754,-10.271418,-1.2583119063728108,1,False,0.013532809223950905,-0.011145844945530387,0.003044160802179265,-0.008222051513479618,0.007179550749376579,-0.025231752614250383,-0.03425658330004781
cs_rank_roc_20,cross_section,-0.007910767519569118,-0.9373807847234148,3,-0.03425658330004781,-0.0015975652132980314,0.4972434886636204,0.497968592246591,0.49418137128465006,0.39829534337702993,0.44108744963943525,0.40086243598632754,-10.271418,-1.2583119063728108,1,False,0.013532809223950905,-0.011145844945530387,0.003044160802179265,-0.008222051513479618,0.007179550749376579,-0.025231752614250383,-0.03425658330004781
vortex_pos_14,trend,-0.005184392673294549,-0.970869502133809,2,-0.029190688699235887,0.008067376502076035,0.4959051408416132,0.5002493644248197,0.4956887070520435,0.275569849344551,0.35421807950455053,0.276502572711017,-16.81026,-2.8664528599385,0,False,-0.004625440918796881,0.00818059231638433,-0.008633258811393256,-0.004575396024357208,-0.008864359877715573,-0.029190688699235887,0.011849320077797515
ev_gap_up_spike,event,-0.005173379602205788,-0.971559170395763,2,-0.03571583550862352,-0.008065982359593748,0.498927664361378,0.5022564439416609,0.37398373983739835,0.0011250244570534143,0.002243300577893736,0.0014961865489180016,-27.224672,-3.1673274315489968,3,False,-0.03571583550862352,-0.0233438920813346,0.01627489759231082,-0.0009236019700356883,-0.0007289464538952551,0.005599238279434787,-0.00048671142763764033
ev_limit_up,event,-0.00789153544051722,-0.9948438263152051,1,-0.020044075221801322,-0.0009587741627632027,0.49961383775489193,0.5024753980707708,0.46798029556650245,0.0023234200743494425,0.004623883575478816,0.002469316011628897,-26.469776,-3.1693804831583328,25,True,,,,,,-0.020044075221801322,0.00012013893381081518
cs_rank_ret_std_20,cross_section,-0.006532019691445611,-0.9983419647182008,4,-0.03292489538435463,0.022199034777642762,0.49779697805887485,0.4979929204831588,0.49300756978683624,0.3289229113676384,0.3945868632412806,0.3318310647252734,-16.540724,-1.9014487671047466,0,False,-0.02319719933923045,-0.03292489538435463,0.005955462345462281,0.007667954109260017,0.0011849112432771355,-0.004418877822611115,7.617999566171219e-05
cs_rank_rsi_14,cross_section,-0.007952503026945383,-1.0781654348578367,2,-0.035144164859394256,0.004335183873552978,0.497193868814456,0.4967400162999185,0.49262949722370125,0.3959963803560947,0.43905878205693133,0.39980415769562944,-16.08932,-2.2328998135430047,0,False,0.013644448034601752,0.030200118425493652,-0.013525911336387388,-0.021156806135645235,-0.006141338626930976,-0.035144164859394256,-0.023663853464534923
autocorr_60,stats,-0.0055213904980855365,-1.1096817625758302,2,-0.034199016928923645,0.0012342696185482591,0.4966648878181636,0.49964115851062535,0.4954405604774437,0.32688074740755235,0.393884918588374,0.3281514189443978,-9.255993,-1.4790591717249897,3,False,-0.0028287399261204705,0.015057210936609713,-0.004087382609658279,-0.016158148994782885,0.006708629627107552,-0.034199016928923645,-0.003054571741664442
gap_ma20,candle,-0.006838254319422862,-1.1771738085275292,3,-0.02713956585156166,0.0005601949670154863,0.49782830809119516,0.4989842961232955,0.4936762225969646,0.2863920954803365,0.36249380881624566,0.2885328856937805,-14.071689,-2.3495542154454623,0,False,0.0008076516693140087,-0.01969839945936836,-0.01568703085662114,0.003914519709314126,0.011062739955138871,-0.0008559309201324521,-0.02713956585156166
ev_spike2_cnt5,event,-0.005046863635895271,-1.2099878386715164,2,-0.016358135261571177,-0.008132042611400636,0.49962414067558386,0.49905728083299883,0.4887018676504496,0.1555101741342203,0.2359412976122006,0.15826734299164325,7.515768,1.2509045717825813,0,False,-0.0030926886472503407,-0.016358135261571177,0.003274633625370576,-0.01573877215531475,-0.007614771329624878,-0.008473287852368741,0.01293377949015727
uo_7_14_28,momentum,-0.005533218595611962,-1.2168120799649862,2,-0.03448497252814853,0.0011368981903164424,0.4985079081448071,0.4986254546339209,0.4932660276716192,0.2951477206026218,0.3693145738177756,0.29760123587441767,-17.925169,-2.6803638876460005,0,False,-0.003559258678095616,-0.0005792037734668297,-0.00858764102196562,-0.022250749882960486,0.0026197696569972948,-0.03448497252814853,0.017121868346942713
obv_slope_20,volume,-0.00745075075436789,-1.5215129555257432,2,-0.019976452759822863,0.012124848876550496,0.4978590918187236,0.4987835881716114,0.48523442967109864,0.1271889062805713,0.20154828458206972,0.13036893770755026,-16.603466,-2.2031228148811635,0,False,-0.00986797297871163,0.001700789535617902,-0.015606633973305716,-0.004551686092398688,-0.019976452759822863,-0.01345964145147032,0.009949033325129737
pdi_28,trend,-0.008319975242548709,-1.6546755147622778,3,-0.026380484763359625,0.016007330063633113,0.4956294747334235,0.49665486747193127,0.4898712004121587,0.29068430835452946,0.3648628943753309,0.29513191986278875,-22.165878,-3.4897880061917568,1,False,-0.026380484763359625,-0.01716236171693399,-0.003326149438186094,0.006306525350745691,-0.0260637542994247,3.2471417952334296e-05,0.007906552720597556
ev_gap_down_spike,event,-0.014517221072101804,-1.6688757163700505,2,-0.04762504718291075,0.0008957017001835182,0.4990169345151513,0.5023659210062159,0.44472361809045224,0.0021644492271571123,0.004307931949278361,0.0024206595384933523,-27.29422,-3.235131981881182,25,True,-0.019838406315721663,-0.04762504718291075,0.03544884761040434,0.012293082714157196,-0.017757483909301333,-0.042318758568587196,
pv_corr_60,volume,-0.008665729026447876,-1.7217725820840755,2,-0.028300422267079,0.007981964245034329,0.495722658320561,0.4962230412728533,0.48964025948496165,0.3045881432205048,0.3755559911342973,0.3093943485506453,-16.412088,-2.618416704674631,0,False,0.0025594914979349117,-0.028300422267079,0.006644905159760369,-0.012867532124509225,-0.009622827701258734,-0.005000684133046808,-0.013535855438536996
dow_0,stats,,,0,,,0.4996915391056618,0.5026335316084614,0.0,0.0,0.0,0.0,-26.625366,-3.1072098220309528,24,True,,,,,,,
dow_1,stats,,,0,,,0.4998640295167521,0.5026335316084614,0.0,0.0,0.0,0.0,-26.625366,-3.1072098220309528,34,True,,,,,,,
dow_2,stats,,,0,,,0.49970295505578055,0.5026335316084614,0.0,0.0,0.0,0.0,-26.625366,-3.1072098220309528,25,True,,,,,,,
dow_3,stats,,,0,,,0.4998609279941117,0.5026335316084614,0.0,0.0,0.0,0.0,-26.625366,-3.1072098220309528,34,True,,,,,,,
ev_limit_down,event,,,0,,0.02032799388611602,0.49977234138719256,0.5026335316084614,0.0,0.0,0.0,0.0,-26.625366,-3.1072098220309528,34,True,,,,,,,
ev_limit_down_lock,event,,,0,,0.017816744841427624,0.49977234138719256,0.5026335316084614,0.0,0.0,0.0,0.0,-26.625366,-3.1072098220309528,34,True,,,,,,,
ev_touch_limit_up,event,,,0,,0.004111942073707526,0.49977234138719256,0.5026335316084614,0.0,0.0,0.0,0.0,-26.625366,-3.1072098220309528,34,True,,,,,,,
mkt_roc_5,cross_section,,,0,,,0.49976544480709084,0.5026335316084614,0.0,0.0,0.0,0.0,-26.625366,-3.1072098220309528,9,True,,,,,,,
mkt_roc_20,cross_section,,,0,,,0.499657429607142,0.5026335316084614,0.0,0.0,0.0,0.0,-26.625366,-3.1072098220309528,14,True,,,,,,,
mkt_roc_60,cross_section,,,0,,,0.4993967455231453,0.5026335316084614,0.0,0.0,0.0,0.0,-26.625366,-3.1072098220309528,16,True,,,,,,,
