feature,family,perm_mean,perm_pos_folds,n_folds,perm_t,gain_share,perm_2019,perm_2020,perm_2021,perm_2022,perm_2023,perm_2024,perm_2025
resid_mom_250_21,longmom,0.004970091357194566,1,1,,0.014755036840372234,,,,,,,0.004970091357194566
inst_trust_net_r,chip,0.0038660849776190566,6,7,4.057511341636463,0.013242160747177887,0.0027930494255559144,0.003494557082385878,0.0065216139675040264,0.002113679149859492,-0.00014265992298394413,0.005756351940331323,0.006526003200680706
mad_21_200,longmom,0.0037469935103170604,6,6,3.0045898122767216,0.016465040576539493,,0.0010786806545091641,0.007430540646929972,0.0077509365111251,0.0012520937417644148,0.001971771807236481,0.0029979377003372318
cs_excess_roc_5,cross_section,0.002917152138124099,5,7,1.3428038433786345,0.016405511648966725,0.011543603348609682,0.00039599461324704737,0.009847639873094352,0.003079387612417274,-0.0036701899798365733,0.0010512895848673112,-0.001827660085530397
mom_250_21,longmom,0.0022672493899530376,3,5,1.2857852385183437,0.013005074099393173,,,0.0003614447362865573,-0.0013246080546177308,0.0,0.0038731953774836674,0.008426214890612694
bb_bw_20,volatility,0.002248279777740437,5,7,1.565244525193506,0.014191522256617453,0.002285096135671035,-0.0009778639036171315,0.002962244736194044,0.009101459507763521,0.004341730157221096,-0.002300182412461683,0.0003254742234121745
stoch_d_14_3,momentum,0.001630110010360034,6,7,2.0492695389018896,0.006509074917371394,0.0011843291997288945,0.0004914184973285243,0.001983102138511781,0.0011780258369846243,0.0,0.0004056354760947206,0.006168258923871693
ret_z_20,stats,0.0015156983544611627,5,7,1.7445695638253775,0.00643520135320043,0.005755331317990245,0.0025790166509102514,0.0017217587330943876,0.0018283746756070733,-0.0011956261547148696,-0.0004062430054070851,0.0003272762637481358
up_ratio_60,momentum,0.0014946490396132886,6,7,2.8595242736187223,0.009794953952616736,0.0036505689002798943,0.0018267133270466432,0.0017298653142205564,-2.268286947419244e-05,0.00041356890315555404,0.00017085308940842717,0.0026936566126561368
close_pos,candle,0.0013238180584527735,6,7,1.633220173269152,0.008451014653234003,0.0003198208528363405,6.230996035600592e-05,0.0036067581604521,0.0015351091603489249,0.004554444328550861,-0.0016938282491797709,0.000882112195804953
range_ratio,candle,0.0011254139322052225,4,7,1.037440798960235,0.004430632129239785,0.007483985429786692,-0.0009998725287739512,0.0005514132607481829,0.0004683622001055594,0.0,-0.0003994308262780441,0.0007734399898481186
stoch_k_60_3,momentum,0.0011039074793780651,7,7,4.31807423887262,0.007366770193583044,0.000577965296243319,0.0013221470855377957,0.0013574480572738565,0.0013886494878577345,0.00017499721086232812,0.0006886648113681969,0.0022174804065032256
ema_ratio_5,trend,0.0010732903261120473,6,7,3.4562337683622517,0.006881094242171762,0.001896717193233817,0.0010452015017977957,0.0009748031013349321,0.002298105097965244,-0.00018947794382936445,0.0005859471708167426,0.0009017361614651632
sh_foreign_ratio,chip,0.0009493702504823957,5,7,1.6011847370128887,0.014882177195428892,-0.0020392036734955764,0.002162813811474752,0.0009609510827034128,-0.00017770694590954483,0.0017042089261523827,0.0023637533275246724,0.0016707752249266715
sh_foreign_chg60,chip,0.000821447334252858,4,7,1.5041489123933625,0.012685159391757874,-0.00015851805143845288,0.0006916671285166724,0.003938222919699992,-0.0002276862517037725,0.0,0.0005948061537357947,0.0009116394409597722
parkinson_10,volatility,0.0007899047007036222,5,7,0.5733131224957899,0.00962435691077821,0.0010145298268661878,-0.0002566510583017501,0.00027773825289833615,0.0015401946005171644,0.001237338262274342,-0.005368796294176832,0.007084979314847907
sh_foreign_chg5,chip,0.0007199906384045711,4,7,1.2216070131892076,0.006379534562017134,-0.0005799998878025908,0.0002664891334658509,0.0006618787732895828,0.004052574913481165,0.0,0.0009298940174117427,-0.00029090248101375227
skew_60,stats,0.000703830800080967,4,7,1.3408705714645726,0.008669263399255136,-6.917822160507532e-05,0.00113532439733611,0.0009017189764140218,0.0017218348899515786,-0.0007144456639087115,-0.0009675998032875483,0.002919161025666394
mkt_roc_60,cross_section,0.0006734392853507903,4,7,1.655944168168186,0.016846771044865125,0.0002574932487731674,-0.0002678308073481613,-0.00019674494327655048,-0.00036939433436029845,0.001314896048242825,0.0022843878880958006,0.0016912678973287493
inst_trust_sum5,chip,0.0006689028832895541,5,7,2.636696332437189,0.011745077613687815,0.0017763219021837303,0.0011289747646915196,0.0007775749385259545,0.0005966150552733305,0.0,-0.00022488194323390964,0.0006277154655862533
ev_days_since_spike3,event,0.000665579807838859,4,7,1.6848691577751742,0.010699275754126903,-0.0008692908371485756,-0.00011681864439432148,0.0011358257836412398,0.0010771021556089874,0.0,0.0011938945391980805,0.0022383456579666027
upper_shadow_ma20,candle,0.0006627732553715824,5,7,1.3374866245269619,0.009677657038205958,-1.4190922100332006e-05,0.0004099219930475363,0.0035451512317744203,-0.0004112290931861685,0.0005670713897820218,0.0001877574171862672,0.0003549307710973305
cs_rank_ret_std_20,cross_section,0.0006171273675613006,5,7,3.208757269609647,0.006860071336884702,0.0005876236875043406,-4.3159259266172555e-05,0.00088800460551125,0.0007357533415765632,0.0012298796234744634,-8.909235430165525e-05,0.0010108819284303145
ss_util,chip,0.0005903890510266811,5,7,1.1381219355610228,0.013678880243577869,0.0016390352022143961,-0.0017381989635464692,0.0025525436594971695,0.0007693522849491369,0.0003408153495146507,-0.0002848163438077973,0.0008539921683656804
id_ret_250,overnight,0.0005664452851877416,3,5,1.9692479040488216,0.010048422783498075,,,0.0012941997855291678,-0.00011028617592002618,0.0,0.0004974178211449819,0.0011508949951845847
obv_slope_60,volume,0.0005079818465242714,5,7,1.8543485637506114,0.009038933394045743,0.0001580762234838079,-6.02382759460271e-05,0.0012002047953157148,0.0003222233335525894,0.0,9.83418540035907e-05,0.0018372649952602242
donchian_pos_120,volatility,0.0004991756795739484,6,7,1.723673996712884,0.005148490404554822,-0.00018544952555482838,0.0020356337848756833,0.00018072347018845136,0.000485794192776199,1.0060061115231613e-05,6.436453535923574e-05,0.0009031032382576659
linreg_slope_5,trend,0.00048718892684285154,5,7,1.9788918682624075,0.0038812885346790997,0.0003688460415665988,0.0016498622654561592,-0.00013330112138821662,-6.963968565961108e-06,0.0011155599705052793,0.00020170247638311503,0.0002146168239429864
bb_bw_60,volatility,0.0004593309238919813,3,7,1.4265809195653778,0.007894341813726754,0.0008839392448281349,-0.00048332757988582293,0.0017313220757586058,-0.00016100114487072742,0.0,0.0013358065607890397,-9.142268937536076e-05
pv_corr_20,volume,0.0004564405903964692,5,7,0.7898228683266111,0.013982925100266694,0.0011475363519729623,0.0012708554423298344,0.0024895192846971018,0.0008715985031751359,-0.0022903810490686183,0.000244627894735297,-0.0005386722950664289
mg_util,chip,0.00042340798123533766,2,7,0.47269760077728257,0.014253377913677135,-0.0014201223063843454,-0.0007640446257971986,0.0013801460927686294,-0.0004763023828897178,0.0,0.005378923733585097,-0.0011347446426351003
mg_bal_chg5,chip,0.00042266783497973205,5,7,2.161130874796804,0.006820444349193557,-0.0002923992232219362,0.00013271218313889305,0.001086303701261386,0.0010365289950110372,0.0,0.0005422473555409905,0.0004532818331277541
body_range,candle,0.0004216847141074328,6,7,2.008067577103627,0.0023170006619472904,0.0005242867273233717,0.0015562145378262878,0.0005534971168993721,1.9895625854648297e-05,0.00030057939555010155,3.774953932551608e-05,-4.042994402726763e-05
ss_bal_chg1,chip,0.0003992421547046834,3,7,1.203958944658939,0.006366389902115557,-0.00020545962969969445,0.0008071012945334652,-0.0004467948502049739,-0.0003858208738846472,0.0,0.0012732621014907009,0.0017524070406979332
cs_rank_sh_foreign_chg20,chip,0.0003788415532938772,4,7,0.589272649094655,0.012509721953310494,-0.00018246213703014777,-0.0003051044940072956,0.0018791774030272716,-0.0026273949189465316,0.002474656332826034,0.0012899508078415545,0.00012306787934625538
cs_rank_ss_bal_chg5,chip,0.00035722348629345916,4,7,1.4340515868096009,0.005661544823143135,-0.0002009036405951498,0.0007069814640544722,0.00012153745637430667,-0.00015881070634899663,0.0,0.0003619643521557252,0.0016697954784138565
dist_high_120,volatility,0.00035442757337155487,5,7,1.0057348516108984,0.005284585210408338,0.00014004589283716484,-0.0002048897558311584,0.0002577540994698919,0.0008071695866087003,0.0018161456210863734,-0.001157868952033795,0.0008226365214637071
dist_low_120,volatility,0.0003522316675307748,5,7,1.636170221441099,0.005953262200203709,-0.00016744952773982877,0.0013349887676500697,0.0004427978853962511,0.0001214553882645103,-0.00018506597382971903,4.868178717934088e-05,0.0008702133457947995
mom_126_21,longmom,0.00034779917252824265,5,7,0.8501297655251092,0.007066223227020681,-0.0007849488178901185,6.481169589487121e-05,-5.7972852043233304e-05,0.0002121535856161929,0.0002466955382434636,8.174351623863967e-05,0.002672111541637883
lower_shadow_ma20,candle,0.0003442257755542814,4,7,1.3671560739351187,0.007841101760878495,0.0017482180159605666,9.188675366273574e-05,-0.00014230321806730137,0.0003785226274727535,0.0,0.000489299559757489,-0.0001560433099062735
cs_beta_60,cross_section,0.00033409269484267556,4,7,0.9342962374552,0.010946642239128147,0.0009459547924630246,-0.0006493251359998582,0.00011713395892243526,0.0008512123910053883,-0.00018170029965327723,-0.0006521737304643049,0.001907546887625321
dist_low_60,volatility,0.0003284906338190524,4,7,1.3282493245519313,0.004191853303422956,-0.0005692819307755691,0.0012791847546040683,0.0009140039679534177,-0.00026672207581837057,0.0,0.0005527339278632118,0.0003895157929066084
inst_all_sum60,chip,0.00032056766625750263,4,7,0.5995668742404726,0.011390813103998488,3.711637243093355e-05,0.000781547619850793,0.002011198562745576,0.0019641017995427833,0.0,-0.0005822734159337123,-0.0019677172748338557
ret_std_5,volatility,0.00031256778995830757,6,7,1.5946702774187025,0.0036770202526744907,0.001433782382611008,0.0002835837592051373,-9.854944580552777e-05,0.00036974948422134726,5.948665550711829e-05,4.1813882617997705e-05,9.810781135107204e-05
stochrsi_14,momentum,0.0002908779356543905,3,7,0.9544566384345318,0.0033066756249522603,-0.000344631223670402,-6.919525595873559e-05,0.0002459489566571105,-0.00024720832245187646,0.0,0.0004370463031310781,0.002014185091873559
macd_hist_12_26_9,trend,0.00024006587069406367,5,7,2.380525424005734,0.00598298841563417,0.0004184877371167367,-0.00010187426570694841,0.0004385826325699523,8.571953772864085e-05,0.0,0.0002042216960357115,0.0006353237571143528
id_ret_60,overnight,0.00023464871427759967,4,7,0.9396254478123306,0.0052291493012164856,8.721297421908474e-05,-0.00017629297752501383,0.0003977745649601146,-0.00021830642227241062,0.001330561690325062,0.00080547237616738,-0.0005838812059310189
obv_slope_10,volume,0.00022972995200156603,5,7,0.9194358385774392,0.005047452585577667,0.00018862781062170542,0.00048458896153889586,0.0005309143258037755,0.00018462243658866917,-0.0009328641876324853,-8.384492935850062e-05,0.001236065246448902
ev_bigmove5_cnt20,event,0.00021624504846686607,3,7,0.6702728177192455,0.0027171178541408507,-0.0004914364882174423,0.0,0.0002313775352806464,0.0020724188695910445,0.00012983381379750095,-0.00022636962680093348,-0.0002021087643827533
hurst_120,stats,0.00021612349362466716,4,7,0.8376538516617958,0.01024686574228175,-0.0001276611950775513,0.0002789037323646182,0.00029946056516495556,0.0013014949694184323,0.0,0.0006602660353876277,-0.0008995996518854124
mg_bal_chg1,chip,0.00020234364643878698,3,7,0.5575525573425193,0.004925598322874295,-0.0007389261282739236,0.0,0.00029833084659422704,0.0005935555037143563,0.0,0.0020517242980198787,-0.0007882789949830299
body_range_ma20,candle,0.00019271928212120386,3,7,0.7669572323173672,0.005340921871146662,0.0004095907198911261,-0.00014511129601128651,-0.0001608237177658974,0.00012719588193077733,0.0,-0.00045477572151220055,0.0015729591083159082
uo_7_14_28,momentum,0.00019027444463028814,6,7,2.4026623168686,0.0024984505480249047,0.00041729751718868013,0.0005369288873324681,5.1623482296009326e-05,0.00011826728099427128,0.0,1.4005448105833493e-05,0.0001937984964947547
cs_excess_roc_10,cross_section,0.00018776699934633191,4,7,1.0455286875634953,0.00459983630207389,6.188535132583296e-05,-6.428056636097769e-05,0.0007616959888790201,0.0001831417805097449,0.0008610011121242877,-8.091882791281627e-07,-0.0004882654827744563
cumret_ex1_120,stats,0.00018255160852402686,4,7,0.38191953738030626,0.006548280027388182,-0.001479294044251155,-0.0002139241044555873,0.00028159068976095725,0.0010009390066604955,-0.0011949326451756554,0.0007603329722666204,0.0021231493848625125
donchian_pos_5,volatility,0.00017222268790769379,5,7,1.5224841787920633,0.0029672565538732916,0.0002385780197694335,8.803162080960336e-05,0.00016636758196528675,0.000527228125498712,0.0,0.0005155023806248197,-0.00033014891331399854
linreg_slope_120,trend,0.00016569058289321015,5,7,0.18300596003719133,0.011288472128347235,-0.0011921612904996493,0.0005995764848284964,0.00043320931679753416,0.0006664445206952784,-0.0041073172828086655,0.0009643117136581189,0.003795770617581358
mkt_roc_20,cross_section,0.00016417522827038948,3,7,0.3895851343306966,0.010657566093280505,-0.0002216306337774962,-0.0005149307771411416,0.00015344413296463494,-0.0005172738112236933,-0.0008182595374295665,0.0006211292280409337,0.0024467479964590554
adx_28,trend,0.0001634984660340931,2,7,0.7348773202010586,0.006494834615391863,-0.0001852095139443522,-5.248070333597338e-05,-0.00023372242838056353,0.0004421324969066896,0.0,-0.00021625127449842463,0.001390020685491276
dist_high_20,volatility,0.000163026864001743,5,7,2.093826319104238,0.0035618572086012776,0.00025238456146392416,0.00020135899524379117,4.153152746885306e-05,0.00013576105086412818,0.0,-4.999276837980293e-05,0.0005601446813513072
persist_12,longmom,0.00015694553309534334,4,5,2.9365389714426797,0.0020508295361941265,,,0.0001525663344549543,9.42842306370234e-05,0.0,0.0003105713464173811,0.00022730575396735786
linreg_slope_60,trend,0.00015561194285743988,4,7,1.2953676440634392,0.003985224699223411,0.0002736539818873676,0.0,0.00010575672502025994,-0.00030030872953539536,0.0,0.000716186067568921,0.00029399555506092606
ad_roc_10,volume,0.0001496187827689573,5,7,0.8741664471483249,0.0033794878945024045,-0.0006989947590644712,0.00017528220250774781,0.0005620369679046078,0.00022794980184022892,0.0,7.837960235812398e-05,0.0007026776638364637
ad_roc_20,volume,0.00012998995404227433,3,7,0.9149254245183782,0.005164527538705678,-9.992691872646661e-05,-0.0003036354029428926,0.00024839802841436265,0.00027113213669371916,0.0,-5.772112463726248e-05,0.0008516829594944602
mom_accel_5_20,momentum,0.00012948106078533535,3,7,0.5734106149492528,0.002417524066386297,0.0013951733202095865,0.0,-0.0005448301441799766,7.425715887197463e-05,0.0,6.120071574843937e-05,-7.943362515267643e-05
sh_foreign_z60,chip,0.00012335061596835452,2,5,0.9826880262910025,0.005808343957786815,,,-5.969480527303478e-05,-0.00010319032383731645,0.0004282464612230339,-8.106853721870481e-05,0.00043246028494779476
cs_rank_inst_trust_sum20,chip,0.00011842423704034016,5,7,0.6163334686549329,0.006566474712781727,1.6384483113357263e-05,0.0002755952921511644,0.000592438265278943,4.4728705219751475e-05,0.0,-0.0008293653041453707,0.0007291882176645356
skew_20,stats,0.0001151249793057231,3,7,1.095163541977526,0.0055423599287111784,-0.00017019231335128662,-2.9677415571826896e-06,7.246570810183252e-05,0.0006720418527440796,0.0,-3.026466124117731e-05,0.0002647920104437961
fip_126,longmom,0.00011012954529883517,3,7,0.6790422478586706,0.005065208276645384,0.0006009138657320084,-0.0002297539873183455,-0.00031191263543672393,-0.0002052419944160525,0.0,0.00012982054898063103,0.0007870810195503286
upper_shadow,candle,8.95595603958223e-05,4,7,1.968413360572536,0.000882133576401064,7.194917109160555e-05,0.0,0.0002444733529771634,5.6567318911135193e-05,0.0,-1.916543141638911e-05,0.00027309251120724115
donchian_pos_10,volatility,8.922668612850781e-05,4,7,1.3159160038055477,0.0013989355013792105,-0.00012520189856695652,-9.35537303274614e-06,0.00020295270602978718,0.00014129066097118975,0.0,2.7565248272853893e-07,0.0004146250550155518
cs_rank_mg_bal_chg20,chip,8.890658341405915e-05,5,7,0.499144197384082,0.0066176558198931,2.778921449500769e-05,0.00022383044570246317,-0.0006953706581262093,-0.00035513893071051117,0.000493258749532303,0.00030056787569284507,0.0006274093873125155
mg_bal_roc20,chip,8.733882190338099e-05,4,7,1.368144261551407,0.007296976219280768,-0.00010731117210814947,-3.510033834494495e-05,5.06970989219054e-05,0.00010060574928325364,-5.095882382237255e-06,0.00038898138296985493,0.00021859491498398462
on_id_diff_20,overnight,8.352328552052565e-05,5,7,0.8813681145271923,0.002929376579928686,0.0004235603160170851,0.00015660370307284412,-0.0003846916409280532,0.00020842772457443462,0.0,5.769141446587457e-06,0.0001749937544607815
mom_250_126,longmom,7.502176115898049e-05,2,5,0.06191629594932681,0.011924377620604575,,,0.004743287921241529,-0.0019268233925944765,6.784900689471082e-05,-0.0011391485570380357,-0.0013700561727088255
id_ret_5,overnight,7.323792001586266e-05,2,7,0.9421919388380401,0.0034817062984835523,-1.0013405588523103e-05,-5.023208374187587e-05,0.0005063789738431237,-4.484422570112783e-05,0.0,0.00016537249148242117,-5.3996310182979436e-05
pvt_roc_10,volume,6.46837450728866e-05,4,7,0.7240071241074241,0.0035419986713596985,-2.188086734856177e-05,-9.637806946003376e-05,0.0005412892482567558,8.890357163605922e-05,3.649421160159784e-05,-0.0002026684840207698,0.00010702660484515857
ss_bal_chg20,chip,6.278210206774389e-05,4,7,0.13849188350933336,0.011550816205271342,-0.0005294964278920502,0.00017828891212512353,3.8679900519295506e-05,0.001988537940158993,0.001188006113485471,-0.0013542602116864745,-0.001070281512236151
sma_cross_20_120,trend,6.212872947115716e-05,4,7,0.21142735490902034,0.006890553180159182,-0.0010705030030496339,0.0007431842008695913,0.00045275320768935434,0.000951150709566592,0.0,0.00024478604512663077,-0.0008864700539044345
mkt_roc_5,cross_section,5.923425657718859e-05,2,7,0.2680821615345909,0.005220918159458461,0.0012021373544732206,-0.0004553504424652192,-0.00028376922419988637,-0.0002964638047334191,0.0,-0.00021016620412016526,0.0004582521170857894
macd_hist_5_35_5,trend,5.795782750112698e-05,4,7,0.2806086307710813,0.004434220295744061,0.0006902218673573978,0.00021577324323464176,-0.00020525562448239312,0.00046265468882847327,0.0,-0.000990828744072755,0.00023313936164252405
updown_mag_ratio_20,stats,5.603361556198753e-05,4,7,0.4331241538891459,0.0033439704570880765,7.347335635208656e-05,-6.241119936668295e-05,0.00034043162718323805,4.810192965002541e-05,0.0,-0.0005502129048050482,0.0005428524999202938
inst_foreign_sum5,chip,5.5491879705672255e-05,4,7,0.501339488504619,0.003277512307717671,-0.000388017064127467,0.00014782271539028115,0.00027087776605272396,0.00035558062353155395,0.0,-0.00028518109548344067,0.0002873602125760544
pdi_14,trend,5.2598458855326924e-05,4,7,0.9963341171043361,0.0035509063395699238,-6.365169867752693e-05,3.9007155988614435e-05,9.237089638186591e-05,3.086453031041561e-05,0.0,0.00034097894661289904,-7.138061862897958e-05
dist_high_60,volatility,4.805138089741544e-05,4,7,0.1572842628672078,0.00543752079602387,0.0008073041778459758,-0.0008170392767207253,0.0013245463518440036,4.924314784298181e-05,0.00020865402811162228,-0.0004565486940029927,-0.0007798000686389575
ret_lag_5,momentum,4.462477645561605e-05,4,7,2.2501980808796453,0.0007714617654442889,3.9593880027356344e-05,0.0001182087070929558,8.314931248490827e-05,-1.6502197807992624e-05,0.0,0.0,8.79237333920845e-05
lower_shadow,candle,4.378133975100859e-05,5,7,1.9625247539485566,0.0013571249179681767,0.00013530352379978577,2.7050632889900894e-05,-2.2243428417207296e-05,2.0469129680248988e-05,0.0,2.9784166652794864e-05,0.0001161053536515369
kurt_20,stats,4.1888705449848415e-05,3,7,0.4442046630278073,0.006466042695516924,-0.00013518385302205282,-4.8338742607570546e-05,0.0005018975753867556,0.0002043922915634123,0.0,-0.00026500039676728243,3.545406359567691e-05
cs_excess_roc_120,cross_section,4.158268841609991e-05,3,7,0.2154849306808424,0.006427140044317012,-8.75177469187594e-05,0.0009447747124847888,6.183836037060991e-05,-0.00014904104045494979,0.0,-0.0007567464534737276,0.00027777098690473745
ret_lag_8,momentum,3.643698439285308e-05,2,7,0.8795280139283637,0.0006068176529668983,8.398322439422817e-05,0.0,-1.665440457167498e-05,-3.7858686087087014e-05,0.0,-4.0776327327162375e-05,0.0002663650843416678
obv_slope_20,volume,3.3779151812423895e-05,3,7,0.3823580797105499,0.00321119721498837,0.000508022531011928,8.901957398302236e-05,1.1080857183973225e-06,-2.805414415143574e-05,0.0,-0.0002484513697663786,-8.519061410856611e-05
ev_amt_pctile250,event,3.220733174416e-05,2,5,0.525951820363564,0.0023974858297441466,,,0.00025380989793883046,-7.169588048671603e-05,-5.038055101324e-06,-8.037440319219949e-05,6.433509956220902e-05
up_ratio_120,momentum,3.14605323272918e-05,1,7,0.23890915108505087,0.005442408477606018,-0.0001132640498798694,-0.00027401120562781507,-4.899530111391696e-05,-9.046350707816893e-05,0.0,-4.9468862497408415e-05,0.0007964266524882214
kurt_60,stats,2.936182492386025e-05,3,7,0.13182693520577057,0.008264836213416574,-0.00042293555999597596,0.0012918394634103816,-0.0002667814800531275,5.509831635413497e-05,-0.0003918233142909116,-0.0001085154800627014,4.8650829105221595e-05
mdi_14,trend,2.8885754281976826e-05,4,7,0.1485797586754063,0.003856026023251302,0.0009784447128360952,4.401766734462321e-05,0.00018295085368980288,-0.00036747941490554323,0.0,4.5037320142186e-05,-0.0006807708591333265
mg_bal_to_vol,chip,2.380341684164478e-05,4,7,0.08064300908786069,0.014374877668549845,0.0004345944591149659,-0.0011995741064994255,-0.0006766560396128316,0.0010078001748715798,0.000671211411740994,0.00019789797376741058,-0.00026864995549117965
inst_foreign_net_r,chip,1.895555771289131e-05,4,7,0.09919091661793177,0.0020029729458404233,-2.6647053338895815e-05,5.787414438799231e-05,1.2826991883022979e-05,0.00033338351700249944,0.0008844532404132644,-0.0005403576819950155,-0.0005888442543626286
gap,candle,1.6176969261076184e-05,2,7,0.9748572622087606,0.0008377264032176665,-5.170410552181315e-06,0.0,0.00011411942110211432,-9.60734828234916e-06,0.0,-1.9520703726007746e-06,1.5849192932550216e-05
ret_lag_7,momentum,1.276903697764939e-05,5,7,2.2926870446317023,0.00039660869240199306,2.928400240587159e-05,0.0,1.3589645521394633e-07,3.301974895473375e-05,0.0,2.1635101178998223e-05,5.308509848728216e-06
ret_lag_3,momentum,1.0917670477882377e-05,4,7,1.2642676029997066,0.000548506239077047,4.783745707579353e-05,0.0,2.5137392758607196e-05,1.515922190692178e-05,0.0,1.3480758979519022e-05,-2.519113737566488e-05
vol_ratio_5_60,volatility,1.0596711248961545e-05,3,7,0.1692207628411762,0.0034366391581647214,0.00020623189765517705,0.00014069967558013284,-9.809467136024051e-05,-2.3354557133172665e-05,0.0,0.00012626291103490458,-0.0002775682770340705
ret_lag_6,momentum,9.70284590318132e-06,2,7,0.46934900947318314,0.0004615397486886391,0.0,0.0,0.00011488571966448054,-5.6516117184964944e-05,0.0,-2.8166093908681366e-05,3.771641275143502e-05
ev_breakout_vol_60,event,9.491215674488219e-06,1,7,1.0000000000000002,1.0095693501169137e-05,0.0,0.0,6.643850972141753e-05,0.0,0.0,0.0,0.0
ev_spike_ret,event,9.465669462416557e-06,1,7,1.0,1.9261035389033562e-05,0.0,0.0,0.0,0.0,0.0,6.62596862369159e-05,0.0
cumret_ex1_20,stats,9.18055274610955e-06,4,7,0.11764315279354558,0.0019739370108120898,0.0003672844844651915,-1.2142540317610964e-05,-0.00013974509479694938,4.4698910322555026e-05,6.898694987071165e-05,4.0747487476942616e-05,-0.0003055663277980736
dow_2,stats,6.344782520595668e-06,1,7,1.0000000000000002,1.7067201898498836e-05,0.0,0.0,4.4413477644169676e-05,0.0,0.0,0.0,0.0
ev_down_streak_ge3,event,4.956556141703861e-06,1,7,1.0,1.0648794707538778e-05,0.0,0.0,3.4695892991927026e-05,0.0,0.0,0.0,0.0
lower_shadow_ma5,candle,3.276280429187701e-06,2,7,0.06319259007582007,0.003836467608135032,0.00022655449268213965,-4.596915726281086e-05,8.598951542105003e-05,-1.2202251873516765e-05,0.0,-0.00022798277790870777,-3.4558580538403736e-06
vol_sma_ratio_5,volume,2.5465969786191003e-06,4,7,0.1311711380731239,0.0007679503489749837,2.3006629188398325e-05,6.215918586493022e-05,3.2571339073389494e-05,-5.461922665104165e-05,-1.469890595487165e-05,4.281812943561734e-05,-7.341097210608837e-05
ev_new_high_60,event,4.991756422269884e-07,1,7,1.0000000000000002,2.6499817362770804e-05,0.0,0.0,0.0,0.0,0.0,0.0,3.4942294955889186e-06
ev_new_high_20,event,0.0,0,7,,1.3415883854421578e-05,0.0,0.0,0.0,0.0,0.0,0.0,0.0
ev_new_low_60,event,0.0,0,7,,2.593982759143763e-05,0.0,0.0,0.0,0.0,0.0,0.0,0.0
ev_limit_down,event,0.0,0,7,,0.0,0.0,0.0,0.0,0.0,0.0,0.0,0.0
ev_spike_long_black,event,0.0,0,7,,0.0,0.0,0.0,0.0,0.0,0.0,0.0,0.0
ev_touch_limit_up,event,0.0,0,7,,0.0,0.0,0.0,0.0,0.0,0.0,0.0,0.0
ev_gap_up_spike,event,0.0,0,7,,0.0,0.0,0.0,0.0,0.0,0.0,0.0,0.0
ev_spike3,event,0.0,0,7,,1.1194687208246022e-05,0.0,0.0,0.0,0.0,0.0,0.0,0.0
ev_breakdown_vol_60,event,0.0,0,7,,0.0,0.0,0.0,0.0,0.0,0.0,0.0,0.0
dow_0,stats,0.0,0,7,,1.1799592351472243e-05,0.0,0.0,0.0,0.0,0.0,0.0,0.0
ev_spike2,event,0.0,0,7,,6.975265172499413e-06,0.0,0.0,0.0,0.0,0.0,0.0,0.0
ev_gap_down_spike,event,0.0,0,7,,0.0,0.0,0.0,0.0,0.0,0.0,0.0,0.0
ev_spike_long_red,event,0.0,0,7,,0.0,0.0,0.0,0.0,0.0,0.0,0.0,0.0
ev_bigmove5,event,0.0,0,7,,0.0,0.0,0.0,0.0,0.0,0.0,0.0,0.0
ev_up_streak_ge3,event,0.0,0,7,,0.0,0.0,0.0,0.0,0.0,0.0,0.0,0.0
ev_spike_up,event,0.0,0,7,,0.0,0.0,0.0,0.0,0.0,0.0,0.0,0.0
ev_limit_up,event,0.0,0,7,,0.0,0.0,0.0,0.0,0.0,0.0,0.0,0.0
ev_new_low_250,event,-1.5046363372947513e-06,0,5,-1.0,1.791506588901799e-05,,,-7.523181686473757e-06,0.0,0.0,0.0,0.0
dow_3,stats,-1.973216747116308e-06,0,7,-1.0,4.288407100369592e-06,0.0,0.0,-1.3812517229814155e-05,0.0,0.0,0.0,0.0
ev_new_high_250,event,-2.7844239419367684e-06,0,5,-1.0,4.9486111200751935e-05,,,-1.3922119709683841e-05,0.0,0.0,0.0,0.0
ev_spike_down,event,-2.84119678242447e-06,0,7,-1.0,9.709060371412748e-06,0.0,0.0,0.0,0.0,0.0,-1.988837747697129e-05,0.0
ev_spike2_cnt5,event,-3.1370445958877764e-06,2,7,-0.29733306182026925,0.0003679332033176114,3.896236826808272e-05,0.0,1.547794213276286e-05,0.0,0.0,-3.23668354736302e-05,-4.403278709842982e-05
ev_new_low_20,event,-3.198452890657738e-06,1,7,-0.827280008116038,1.5989086808098438e-05,0.0,0.0,3.7850232844268326e-06,0.0,0.0,0.0,-2.6174193519030997e-05
pv_diverge_20,volume,-3.4043354400274472e-06,1,7,-0.35838242117751207,0.0003730425197563084,0.0,0.0,-4.6232925198230745e-06,-5.241201777389052e-05,0.0,0.0,3.320496221352146e-05
ev_limit_down_cnt20,event,-4.204671329900611e-06,1,7,-0.42940836927235165,0.0003144378829105485,0.0,0.0,-5.1020716445924576e-05,3.657376140786308e-05,0.0,-1.4479621777836507e-05,-5.061224934062766e-07
ev_vol_dryup,event,-5.462371723435823e-06,1,7,-0.535305470870257,5.8581887913953205e-05,0.0,0.0,2.4762988806048547e-05,-6.29995908700993e-05,0.0,0.0,0.0
dow_1,stats,-5.583746244925454e-06,0,7,-1.0000000000000002,8.27474066161322e-06,0.0,0.0,0.0,-3.9086223714478174e-05,0.0,0.0,0.0
vol_sma_ratio_10,volume,-5.83026786115353e-06,3,7,-0.049146561831265374,0.0022565216955971142,4.934573889035093e-06,0.0004841193080897986,0.0003322205563998047,-0.0002807844852984881,-0.00033342608364879417,-1.0339840093835187e-05,-0.00023753590436559566
up_ratio_5,momentum,-5.8322864577409695e-06,2,7,-0.5328287596466096,0.0001808781608346552,5.868263905893974e-07,-5.1390222887469014e-05,4.459035302890648e-05,0.0,0.0,-2.1867692396351546e-05,-1.2745269339862106e-05
linreg_slope_20,trend,-5.967949365906391e-06,4,7,-0.041310056656047256,0.0026852555158332824,0.0003006549685267458,0.0,-0.0008237459150774404,0.000270491685472297,0.0,0.00018441268812376585,2.6410927393287025e-05
aroon_dn_14,trend,-7.108300052799949e-06,3,7,-0.14178433184804906,0.0008313040277697425,-2.7444250143399362e-05,9.601933427694799e-05,-0.00021563624656578684,0.00014672999124971942,0.0,-0.00014024844645896609,9.082151727188524e-05
ev_range_x_atr,event,-7.361755316594695e-06,3,7,-0.19029655656601854,0.0008365401348921604,6.26245666824482e-06,-0.00015557718003751433,0.00017511100783511313,-8.833300703449166e-05,0.0,-9.749926875406156e-06,2.0754362227891343e-05
ret_lag_4,momentum,-1.091241430948172e-05,2,7,-0.5188196509200281,0.0005882456648341432,4.3926875745591475e-05,0.0,-2.3670839520401055e-05,-0.00012636518829770593,0.0,3.089782896104643e-05,-1.1755770549029543e-06
ev_limit_up_cnt20,event,-1.0954885055015659e-05,2,7,-0.944582423216881,0.00012432003447100708,0.0,-5.13111895495532e-05,2.2569090186249734e-05,0.0,0.0,-5.712085761762816e-05,9.178761595822019e-06
roc_5,momentum,-1.1200894149772532e-05,3,7,-0.10861372592278136,0.0016727573099398882,-0.00018198988066306954,-0.00047954108663765077,-2.246419108782825e-05,0.00015213191625153394,8.400804599132143e-05,0.00039150249399627174,-2.2053556898986304e-05
ema_ratio_10,trend,-1.1611004312728739e-05,3,7,-0.1931503894013867,0.001993470927372431,-0.00022605090946084655,0.00011549356578054056,-0.00019135676991717762,0.00012204474297583187,0.0,0.00017560428622508928,-7.701194579253871e-05
ret_lag_10,momentum,-1.281318386315196e-05,2,7,-1.145298674268531,0.00045831705327505486,6.27275190068453e-06,0.0,5.974474949765884e-07,-7.840041561557713e-05,0.0,-3.844742450716023e-06,-1.43173283714317e-05
linreg_slope_10,trend,-1.529748756072256e-05,3,7,-0.11829561920444988,0.002429389045292709,0.000363028812485446,-0.0002517033091726621,0.00032693587876348834,-0.0001939400220711887,-0.00014709352272251094,-0.000503299553180085,0.0002989893029724545
up_ratio_10,momentum,-2.452114421948914e-05,2,7,-0.8316218768452368,0.000278735568497811,0.0,-0.0001949639613086088,-1.6756323524790007e-05,4.433448125835959e-05,0.0,1.3006561269346406e-05,-1.7268767230731175e-05
ret_lag_9,momentum,-2.5642553067545953e-05,3,7,-0.7270470506858929,0.00042118638270208816,3.2600316327659196e-05,-2.5772562520300312e-05,-0.00023138902037454315,3.652790240689605e-05,0.0,-5.965308687632305e-06,1.4500801375098848e-05
inst_all_net_r,chip,-2.6079237224342138e-05,1,7,-0.3288803059967339,0.0012818436997255667,0.00035522009670584803,0.0,-1.379320111269631e-05,-5.291431261046064e-05,0.0,-0.00035539631628781626,-0.00011567092726526979
bb_pctb_20,volatility,-2.609733505105186e-05,2,7,-0.2145730055918163,0.0025240293605189967,-0.00011228563564559188,-1.9775800465251028e-05,0.0005139566159212752,-6.322645705011491e-05,0.0,8.04059530590077e-05,-0.0005817560211766881
upper_shadow_ma5,candle,-3.203938494971388e-05,2,7,-0.738834146116095,0.003679269528541451,-3.5514185011710033e-06,1.821495986336144e-05,-0.0002074403083763693,0.00014560491745980084,0.0,-0.00014289939695243925,-3.42044481411799e-05
up_ratio_20,momentum,-3.2119297348325875e-05,3,7,-0.6189926939560028,0.0014759496102704356,0.00015794309072980858,-0.00010794830687969245,-0.0002424228540049006,9.132339182095033e-05,0.0,-0.00012874443332149799,5.014030217051028e-06
ret_lag_2,momentum,-3.297148973859163e-05,2,7,-0.5780928929873062,0.0007537633950272288,-2.4912486442996613e-05,0.0,-0.0003438069878883611,4.798119531574987e-05,0.0,0.00014260259415291068,-5.266474330744425e-05
on_id_diff_250,overnight,-3.668755793863861e-05,2,5,-0.034145224335801576,0.018765884185316044,,,0.001859125870214924,-0.0009224135736120125,-0.003538138710973155,-8.462639887831316e-05,0.0025026150235553635
aroon_osc_14,trend,-3.827859247427134e-05,3,7,-1.3023702467270948,0.0012557868754727996,3.780773195541145e-05,-0.00012023960354955582,7.812444309251987e-07,3.636369523109135e-05,0.0,-6.368985211782294e-05,-0.0001589733632699486
inst_dealer_net_r,chip,-4.339776255293729e-05,2,7,-0.706161583074075,0.002902249888932334,-0.00013712095564598925,-5.217459357502741e-05,0.00019404521421333606,6.016683679194862e-05,0.0,-4.10989152390707e-05,-0.00032760192441575836
aroon_up_14,trend,-4.603327314089553e-05,4,7,-0.6320638555802939,0.0008668338659367275,1.7635947329915542e-06,0.0,8.830101358058932e-05,5.914297795801595e-05,0.0,4.263783630332797e-06,-0.00047570428188819836
mfi_14,volume,-4.7005836372658645e-05,3,7,-0.28243553206064953,0.003936661649209798,-0.00016080521758059935,5.93499689110945e-05,0.0007311734648920548,-0.00039767089779598266,0.0,0.0001062889103636902,-0.0006673770833988679
ev_streak,event,-4.7574073934314483e-05,3,7,-0.8849000116501285,0.00031104057401715814,-0.00036834057699940137,0.0,3.277334461588658e-06,3.582090266950749e-05,0.0,9.567826072181401e-06,-1.334400374407759e-05
adx_14,trend,-5.0224260638061764e-05,2,7,-0.21597113555433228,0.009245279643142045,0.0006228755358556026,-0.0006702075655367533,-1.2642135554537711e-05,-0.0004976345970120222,0.0,-0.000666016922051333,0.0008720558598326114
ev_vol_dryup_cnt5,event,-5.322495290920417e-05,3,7,-0.22753208992275065,0.004389449272061505,0.0008098315200857839,-0.0007862592402632021,-0.0006528174343111634,0.0006153727652949588,-0.00035003374549310174,-0.00024580865780954075,0.00023714012213183616
force_13,volume,-5.3589572117869604e-05,3,7,-0.2853510961661966,0.003077739881438126,-0.00018160976372217272,7.319074688136769e-05,0.0007722185576736068,0.000312172797569252,-0.0005651726272073925,-0.000127391802355935,-0.0006585349136638136
body_range_ma5,candle,-6.556954633082362e-05,0,7,-1.697097471065526,0.0023964195915898586,-4.695711102101208e-05,0.0,-2.9355702774569448e-05,-9.30243696924439e-05,0.0,-4.9626121438640924e-06,-0.0002846870286838758
inst_foreign_streak,chip,-7.330423570320454e-05,2,7,-0.6365867267643864,0.001954634664660694,4.936259610372149e-05,0.0,0.00022348554549750607,-3.3399382502930876e-05,0.0,-1.7228779968602354e-05,-0.0007353496290521261
close_pos_ma5,candle,-7.428955976588315e-05,0,7,-3.082955808606726,0.0017512296125409422,-8.603275265447786e-05,0.0,-0.00018671158567663595,-6.714556365496292e-05,0.0,-9.354617082658542e-05,-8.659084554851991e-05
aroon_dn_25,trend,-7.87091541244847e-05,3,7,-1.0802551299530676,0.0022402171857421977,-0.0003485269570556876,-6.697863657869017e-05,7.98694493050293e-05,-0.00023574307772197245,2.9054761744366315e-05,0.00019258582263855192,-0.00020122544120299013
id_ret_20,overnight,-9.168322718289038e-05,1,7,-1.3975887999281011,0.0029272266245039293,-0.00027480605188027915,0.0,-3.605312743461495e-05,-2.894479387724469e-05,0.0,9.019092351015764e-05,-0.00039216954059825143
inst_foreign_z60,chip,-9.935891328125977e-05,1,5,-2.153349679916257,0.0025581215865665683,,,-0.00019280779114022825,-5.620407191940513e-05,3.3360458593330485e-05,-0.00021464734725454293,-6.649581468545311e-05
turnover_z_60,volume,-0.00010140776003800988,2,6,-1.2154075677548464,0.0021562238323349654,,-0.0004048910286718471,0.00013655744899340508,-0.00014421259949450385,0.0,-0.00025282706070839725,5.692667965328385e-05
aroon_osc_25,trend,-0.00010580655162121485,4,7,-0.5497123980499778,0.005803667601257117,0.0004381906470848698,6.598016425365313e-05,-0.0006977572587401291,0.00027910149138570217,0.0,0.00010264458422533836,-0.0009288054895579383
cs_rank_rsi_14,cross_section,-0.00011148324204548552,2,7,-0.5806512506024412,0.0027828447864235183,1.7906617225805593e-05,-4.018194751325791e-05,0.0004844066481096444,-1.7060919538935033e-05,0.0,-4.3738893583452947e-05,-0.0011817141990182027
ppo_12_26,momentum,-0.00011467410553980512,3,7,-0.4062472649494488,0.0038171591350054834,0.0009254706871522795,-0.0013278297240453037,0.00010023352677402768,-0.00013211758095383239,0.0,0.0004172595358660665,-0.0007857351835718734
autocorr_20,stats,-0.0001176935592834987,1,7,-2.6794254619683007,0.004179540584741497,-0.0001599199958189299,-0.000130251778116539,-0.00032514178018837786,-5.0342513654969924e-05,0.0,6.610138661801435e-06,-0.0001648089858674757
dist_low_20,volatility,-0.00012053338793406355,1,7,-1.9575443953978127,0.0028335133003489963,-8.542386524039436e-05,0.0,-0.000364412723722322,-0.00022342952841554695,0.0001452009710490137,-0.0001603480040061507,-0.00015532056520304455
psar_dist,trend,-0.0001243414616198743,2,7,-1.7753416602388967,0.0024662242063117176,-0.00021002230211141296,-0.00037641300707262393,0.00014553465354574338,1.8101177824217846e-05,0.0,-0.00016558662012069897,-0.0002820041334043455
inst_trust_pos20,chip,-0.00013556973544847395,2,7,-1.3268930174834124,0.0052704725351586205,0.00014606402602602522,-8.23269128391128e-05,-0.000378345768370654,-0.00012001695931576513,-0.0001407206799328957,-0.0005688015324797011,0.00019515967877278598
on_id_diff_60,overnight,-0.0001401267052279125,2,7,-0.38397765326507716,0.00833030315105561,0.001770607423859034,0.0003413548895177798,-0.000888160034700651,-0.0010530286259149587,-0.000341370179801021,-0.0001436101490553815,-0.000666680260500189
cs_excess_roc_60,cross_section,-0.0001431143190348364,2,7,-0.7083120871530104,0.006147940152461372,-0.0006246696689716155,-0.0003985347931282247,0.000862553427753314,-0.0003085876129928465,0.0,0.00013863112564829402,-0.000671192711552776
pvt_roc_20,volume,-0.00014767142491047412,1,7,-0.7834454700618633,0.003024745945820637,0.0005077650754218335,-0.001144625655221632,-0.0002554174574771889,-0.00010190489815082211,0.0,-4.874187398677214e-06,-3.464285154683213e-05
ss_mg_ratio,chip,-0.00014984058740745936,3,7,-0.6591919784766368,0.012963644934889515,-0.000778124777049527,0.0002287203917772252,-0.00015860516791777143,7.510262604040983e-05,0.0,0.0006729719472969437,-0.0010889491319994958
ev_vol_vs_max20,event,-0.00015022608033736173,2,7,-1.0518446798078431,0.005501275402747673,0.00012283425509473575,0.00036740083715212723,-0.0004121316780317334,-0.00021808111807888308,0.0,-0.00011543820665313222,-0.0007961666518446464
inst_foreign_sum60,chip,-0.00015453494975648606,3,7,-0.7282341231633771,0.009589505376107497,-0.0007868981619323576,-0.0001348828849889247,0.0006045533744708856,0.0003977692299481546,-0.0004527506060911469,0.00011462419465096847,-0.0008241597943529818
ema_ratio_60,trend,-0.0001554886549071374,3,7,-0.530804027979558,0.0037761263426746355,0.0004589620919092941,0.0,0.0005205108524408489,0.00040487727145176525,-0.00015630832180504317,-0.0006998382452144668,-0.00161662423313236
eom_14,volume,-0.00016558078802193308,1,7,-1.4340787800446875,0.00715308026980015,-0.0001938227194627079,-0.0006938020261936413,0.00033139207823441874,-0.00019820367862626725,0.0,-0.00017117732075887468,-0.00023345184934645916
gap_ma20,candle,-0.00017587124612937984,2,7,-0.39515245780736535,0.007113120171805164,0.0021618522923168306,-0.0006554101777775841,-0.0008481931595852796,2.7157165307413467e-05,0.0,-0.00029627830603907193,-0.001620226537127967
fip_250,longmom,-0.0001798737666914662,2,5,-0.8766647556444606,0.006736232595726643,,,0.00012733305794570873,-0.00018110965666995443,0.0,0.00012365566292565794,-0.0009692478976587431
cs_rank_turnover_z_20,cross_section,-0.000186152639894069,2,7,-0.6853004852044362,0.0045044212473339135,0.00037786217472697445,-0.0010278196683571788,0.001003836827895635,-0.0009081039189440578,0.0,-0.0004962427971517136,-0.0002526010974281424
ev_vol_x_avg20,event,-0.00018649938870634716,2,7,-0.6651804439943041,0.004055380119428445,0.000736312995175512,-0.0013888048290871422,0.0006742625524542601,-0.00014411480806093488,-0.0006494701667780307,-0.0003982283030202344,-0.0001354531616278599
cs_rank_inst_all_sum5,chip,-0.00018721658231675195,3,7,-0.85340383491649,0.004546848152933305,-0.0002524010928089913,0.0001199799893879669,8.477827952829235e-05,-0.00010019124222860586,0.0,0.00028335517457005074,-0.0014460371846659766
inst_foreign_pos20,chip,-0.00020187141385230633,2,7,-1.046509875254944,0.0036806954153910075,-0.000879346951910521,-0.00012176726113450817,-0.00015831786961277342,0.00015150949039056486,0.0,0.00047928893475622053,-0.0008844662394551275
ulcer_14,volatility,-0.0002254068904159687,1,7,-1.8164474037449319,0.005179312461983197,-5.3195662645033844e-05,-0.0005885167579885187,-0.0005487169241414023,-0.00044417499029885305,0.0,-0.000248421644330495,0.00030517774649252194
cumret_ex1_60,stats,-0.0002522901165226157,1,7,-1.4980554334868583,0.0034689914157006916,-0.0005048902013859088,-0.00012179836824812464,-6.696902265517872e-05,-0.0002561451048367971,-0.0010708788642251864,-0.00011529418159235301,0.0003699449272852387
gap_ma5,candle,-0.0002736962779067377,3,7,-1.1175411545386276,0.003673234655180902,-0.0016660472041376724,2.771120060308015e-05,-0.00046955967360137973,0.0001586646726554885,0.0,-8.543422553445798e-05,0.00011879128466777782
autocorr_60,stats,-0.00031155356248219066,2,7,-1.852152601113299,0.007805458463148689,9.56253561522416e-05,-0.00047928859337799764,-0.00047852694321444167,-0.0007002434001210471,0.00040054398110289484,-0.00017032917401523773,-0.0008486561639017473
on_ret_60,overnight,-0.0003308877218018402,2,7,-1.4199139333844892,0.005633391520994809,-0.0006719085243625036,-0.0015436244444983354,5.3047861615591885e-05,-7.299672129547931e-05,0.0,-0.00035782826475628274,0.0002770960406841272
cmo_14,momentum,-0.00039898620889530035,0,7,-2.0201452543488783,0.003946328777338768,-0.0014556932779762957,-1.7107053873834793e-05,-0.00010911259524853482,-0.0006057233048388637,0.0,-0.0001137710072564406,-0.0004914962230731327
id_ret_120,overnight,-0.0004481489781886411,4,7,-0.881077115058585,0.00854037234242784,-0.002858977018992702,3.787902621895401e-05,0.0001052639545938867,7.523795402590919e-05,0.0,0.001158300939762025,-0.0016547477029285607
inst_trust_sum60,chip,-0.00045795283425927383,4,7,-0.6788622711174691,0.013035697641303494,0.0001535847604757073,-0.0002580496632755552,0.0002759242032416657,2.3428727470157135e-05,0.0017607972934335,-0.0011675389123002717,-0.00399381624886012
aroon_up_25,trend,-0.00047564836423166995,3,7,-0.7465128295794501,0.003509513221054631,-7.262163644871043e-05,0.00018130044251675297,0.000613050549893549,-0.0005237838711996401,0.0,0.0006574840921917633,-0.0041849681265754045
mdd_60,volatility,-0.0005515926641901107,2,7,-1.035026674735915,0.012348251620533667,-0.0006356170712883852,-0.0011871068936254025,7.337235590573522e-05,0.0018476968488466278,-0.0008405289250823564,-0.002835246753999868,-0.0002837182100871259
ev_spike2_cnt20,event,-0.0005728635162498757,3,7,-1.1823933189698224,0.008719944119084621,0.0001352436403833611,6.910871365723575e-05,0.001417028802232626,-0.0003843400966973126,-0.0022750907056845473,-0.00192470072771351,-0.0010472942399269828
pv_corr_60,volume,-0.0005751339327695406,2,6,-2.0102739123912743,0.008476102331106662,,0.00022554476881036516,-0.0014109140823116196,0.00010224701287229095,-0.00022743549474190305,-0.0012220566934713361,-0.000918189107775041
cs_rank_inst_foreign_sum20,chip,-0.0005801174427590913,2,7,-1.1126414586365074,0.006954668141108261,-0.0034645777867272423,0.0008115921644059569,0.0003120338309500689,-0.00035796252825594926,-0.0008105197363428382,-7.972935272826272e-05,-0.0004716586906153726
cs_rank_excess_roc_20,cross_section,-0.0006225321902847875,1,7,-1.2388812390314916,0.003839720060954302,-3.4595306561440116e-05,-9.994704363650482e-05,0.000214516185606727,-0.0001506828436926809,0.0,-0.0007207060573578734,-0.00356631026635174
inst_all_sum20,chip,-0.0007150315433372984,3,7,-0.7949988034845117,0.011304726324770642,-0.004252182580567292,0.0002553787582123916,0.002574252763610403,0.00023557840060690663,-0.0002062892479854766,-5.095355736344301e-05,-0.003561005339874579
on_ret_120,overnight,-0.0008062120208811723,1,7,-1.1935734691212219,0.01031152136354151,-0.004297054605505932,-0.00015846195811457472,-0.00010951242941029578,-0.0020266168390338664,0.0,-9.76556283905014e-05,0.0010458173142869644
sh_foreign_room,chip,-0.0008492966739139319,1,7,-1.969715763663137,0.0137116128790159,0.0011339801820387009,-0.001332736948062149,-0.0022481066742895545,-0.0004190619037224806,-0.00028911420050456465,-0.000851843117975226,-0.0019381940548822488
gk_vol_60,volatility,-0.0013037531560274281,4,7,-0.6528997947331812,0.011597583682785914,-0.001992540826461981,-0.0012929974741982396,0.0026707921513082836,0.0025348913899179426,-0.012607631033726523,0.000793307598063357,0.0007679061029051623
