name,category,level,lookback_rows,code,expression,note
sma_ratio_5,趨勢,個股,6,features/trend.py:57,c / c.rolling(w).mean() - 1,
ema_ratio_5,趨勢,個股,6,features/trend.py:58,"c / ema(c, w) - 1",
wma_ratio_5,趨勢,個股,6,features/trend.py:59,"c / wma(c, w) - 1",
sma_ratio_10,趨勢,個股,11,features/trend.py:57,c / c.rolling(w).mean() - 1,
ema_ratio_10,趨勢,個股,11,features/trend.py:58,"c / ema(c, w) - 1",
wma_ratio_10,趨勢,個股,11,features/trend.py:59,"c / wma(c, w) - 1",
sma_ratio_20,趨勢,個股,21,features/trend.py:57,c / c.rolling(w).mean() - 1,
ema_ratio_20,趨勢,個股,21,features/trend.py:58,"c / ema(c, w) - 1",
wma_ratio_20,趨勢,個股,21,features/trend.py:59,"c / wma(c, w) - 1",
sma_ratio_60,趨勢,個股,61,features/trend.py:57,c / c.rolling(w).mean() - 1,
ema_ratio_60,趨勢,個股,61,features/trend.py:58,"c / ema(c, w) - 1",
wma_ratio_60,趨勢,個股,61,features/trend.py:59,"c / wma(c, w) - 1",
sma_ratio_120,趨勢,個股,121,features/trend.py:57,c / c.rolling(w).mean() - 1,
ema_ratio_120,趨勢,個股,121,features/trend.py:58,"c / ema(c, w) - 1",
wma_ratio_120,趨勢,個股,121,features/trend.py:59,"c / wma(c, w) - 1",
sma_cross_5_20,趨勢,個股,21,features/trend.py:61,c.rolling(s).mean() / c.rolling(lg).mean() - 1,
sma_cross_10_60,趨勢,個股,61,features/trend.py:61,c.rolling(s).mean() / c.rolling(lg).mean() - 1,
sma_cross_20_120,趨勢,個股,121,features/trend.py:61,c.rolling(s).mean() / c.rolling(lg).mean() - 1,
macd_diff_12_26_9,趨勢,個股,35,features/trend.py:65,diff / c,
macd_signal_12_26_9,趨勢,個股,35,features/trend.py:66,sig / c,
macd_hist_12_26_9,趨勢,個股,35,features/trend.py:67,(diff - sig) / c,
macd_diff_5_35_5,趨勢,個股,40,features/trend.py:65,diff / c,
macd_signal_5_35_5,趨勢,個股,40,features/trend.py:66,sig / c,
macd_hist_5_35_5,趨勢,個股,40,features/trend.py:67,(diff - sig) / c,
adx_14,趨勢,個股,28,features/trend.py:70,"f[f""adx_{n}""], f[f""pdi_{n}""], f[f""mdi_{n}""] = adx, pdi, mdi",同一行指定多個欄位
pdi_14,趨勢,個股,15,features/trend.py:70,"f[f""adx_{n}""], f[f""pdi_{n}""], f[f""mdi_{n}""] = adx, pdi, mdi",同一行指定多個欄位
mdi_14,趨勢,個股,15,features/trend.py:70,"adx, pdi, mdi",
adx_28,趨勢,個股,56,features/trend.py:70,"f[f""adx_{n}""], f[f""pdi_{n}""], f[f""mdi_{n}""] = adx, pdi, mdi",同一行指定多個欄位
pdi_28,趨勢,個股,29,features/trend.py:70,"f[f""adx_{n}""], f[f""pdi_{n}""], f[f""mdi_{n}""] = adx, pdi, mdi",同一行指定多個欄位
mdi_28,趨勢,個股,29,features/trend.py:70,"adx, pdi, mdi",
aroon_up_14,趨勢,個股,15,features/trend.py:73,"f[f""aroon_up_{n}""], f[f""aroon_dn_{n}""] = up, dn",同一行指定多個欄位
aroon_dn_14,趨勢,個股,15,features/trend.py:73,"up, dn",
aroon_osc_14,趨勢,個股,15,features/trend.py:74,up - dn,
aroon_up_25,趨勢,個股,26,features/trend.py:73,"f[f""aroon_up_{n}""], f[f""aroon_dn_{n}""] = up, dn",同一行指定多個欄位
aroon_dn_25,趨勢,個股,26,features/trend.py:73,"up, dn",
aroon_osc_25,趨勢,個股,26,features/trend.py:74,up - dn,
linreg_slope_5,趨勢,個股,6,features/trend.py:76,"rolling_slope(c, w) / c",
linreg_slope_10,趨勢,個股,11,features/trend.py:76,"rolling_slope(c, w) / c",
linreg_slope_20,趨勢,個股,21,features/trend.py:76,"rolling_slope(c, w) / c",
linreg_slope_60,趨勢,個股,61,features/trend.py:76,"rolling_slope(c, w) / c",
linreg_slope_120,趨勢,個股,121,features/trend.py:76,"rolling_slope(c, w) / c",
trix_15,趨勢,個股,46,features/trend.py:78,e3.pct_change() * 100,
vortex_pos_14,趨勢,個股,15,features/trend.py:80,"safe_div((h - l.shift(1)).abs().rolling(14).sum(), tr.rolling(14).sum())",
vortex_neg_14,趨勢,個股,15,features/trend.py:81,"safe_div((l - h.shift(1)).abs().rolling(14).sum(), tr.rolling(14).sum())",
psar_dist,趨勢,個股,20,features/trend.py:82,"(c - _psar(h, l, c)) / c",
roc_5,動能,個股,6,features/momentum.py:28,c / c.shift(w) - 1,
roc_10,動能,個股,11,features/momentum.py:28,c / c.shift(w) - 1,
roc_20,動能,個股,21,features/momentum.py:28,c / c.shift(w) - 1,
roc_60,動能,個股,61,features/momentum.py:28,c / c.shift(w) - 1,
roc_120,動能,個股,121,features/momentum.py:28,c / c.shift(w) - 1,
rsi_6,動能,個股,7,features/momentum.py:30,"rsi(c, n)",
rsi_14,動能,個股,15,features/momentum.py:30,"rsi(c, n)",
rsi_28,動能,個股,29,features/momentum.py:30,"rsi(c, n)",
stoch_k_14_3,動能,個股,20,features/momentum.py:33,"f[f""stoch_k_{n}_3""], f[f""stoch_d_{n}_3""] = k, d",同一行指定多個欄位
stoch_d_14_3,動能,個股,20,features/momentum.py:33,"k, d",
stoch_k_60_3,動能,個股,66,features/momentum.py:33,"f[f""stoch_k_{n}_3""], f[f""stoch_d_{n}_3""] = k, d",同一行指定多個欄位
stoch_d_60_3,動能,個股,66,features/momentum.py:33,"k, d",
stochrsi_14,動能,個股,29,features/momentum.py:35,"safe_div(r14 - r14.rolling(14).min(),",
willr_14,動能,個股,15,features/momentum.py:39,"-100 * safe_div(hh - c, hh - ll)",
willr_28,動能,個股,29,features/momentum.py:39,"-100 * safe_div(hh - c, hh - ll)",
cci_14,動能,個股,15,features/momentum.py:44,"safe_div(tp - sm, 0.015 * md)",
cci_20,動能,個股,21,features/momentum.py:44,"safe_div(tp - sm, 0.015 * md)",
cci_60,動能,個股,61,features/momentum.py:44,"safe_div(tp - sm, 0.015 * md)",
cmo_14,動能,個股,15,features/momentum.py:47,"100 * safe_div(su - sd, su + sd)",
ppo_12_26,動能,個股,26,features/momentum.py:48,"100 * safe_div(ema(c, 12) - ema(c, 26), ema(c, 26))",
tsi_25_13,動能,個股,39,features/momentum.py:49,"100 * safe_div(ema(ema(d, 25), 13), ema(ema(d.abs(), 25), 13))",
uo_7_14_28,動能,個股,29,features/momentum.py:54,100 * (4 * avg[0] + 2 * avg[1] + avg[2]) / 7,
ao_5_34,動能,個股,35,features/momentum.py:56,(mp.rolling(5).mean() - mp.rolling(34).mean()) / c,
ret_lag_1,動能,個股,2,features/momentum.py:58,r.shift(k - 1),ret_lag_1 = 今日報酬
ret_lag_2,動能,個股,3,features/momentum.py:58,r.shift(k - 1),ret_lag_1 = 今日報酬
ret_lag_3,動能,個股,4,features/momentum.py:58,r.shift(k - 1),ret_lag_1 = 今日報酬
ret_lag_4,動能,個股,5,features/momentum.py:58,r.shift(k - 1),ret_lag_1 = 今日報酬
ret_lag_5,動能,個股,6,features/momentum.py:58,r.shift(k - 1),ret_lag_1 = 今日報酬
ret_lag_6,動能,個股,7,features/momentum.py:58,r.shift(k - 1),ret_lag_1 = 今日報酬
ret_lag_7,動能,個股,8,features/momentum.py:58,r.shift(k - 1),ret_lag_1 = 今日報酬
ret_lag_8,動能,個股,9,features/momentum.py:58,r.shift(k - 1),ret_lag_1 = 今日報酬
ret_lag_9,動能,個股,10,features/momentum.py:58,r.shift(k - 1),ret_lag_1 = 今日報酬
ret_lag_10,動能,個股,11,features/momentum.py:58,r.shift(k - 1),ret_lag_1 = 今日報酬
up_ratio_5,動能,個股,6,features/momentum.py:60,(r > 0).astype(float).rolling(w).mean(),
up_ratio_10,動能,個股,11,features/momentum.py:60,(r > 0).astype(float).rolling(w).mean(),
up_ratio_20,動能,個股,21,features/momentum.py:60,(r > 0).astype(float).rolling(w).mean(),
up_ratio_60,動能,個股,61,features/momentum.py:60,(r > 0).astype(float).rolling(w).mean(),
up_ratio_120,動能,個股,121,features/momentum.py:60,(r > 0).astype(float).rolling(w).mean(),
mom_accel_5_20,動能,個股,21,features/momentum.py:61,"f[""roc_5""] - f[""roc_20""]",
atr_ratio_14,波動,個股,15,features/volatility.py:20,"wilder(tr, n) / c",
atr_ratio_28,波動,個股,29,features/volatility.py:20,"wilder(tr, n) / c",
ret_std_5,波動,個股,6,features/volatility.py:22,r.rolling(w).std(),
parkinson_5,波動,個股,6,features/volatility.py:23,np.sqrt((lhl ** 2).rolling(w).mean() / (4 * np.log(2))),
gk_vol_5,波動,個股,6,features/volatility.py:25,np.sqrt(gk.rolling(w).mean().clip(lower=0)),
ret_std_10,波動,個股,11,features/volatility.py:22,r.rolling(w).std(),
parkinson_10,波動,個股,11,features/volatility.py:23,np.sqrt((lhl ** 2).rolling(w).mean() / (4 * np.log(2))),
gk_vol_10,波動,個股,11,features/volatility.py:25,np.sqrt(gk.rolling(w).mean().clip(lower=0)),
ret_std_20,波動,個股,21,features/volatility.py:22,r.rolling(w).std(),
parkinson_20,波動,個股,21,features/volatility.py:23,np.sqrt((lhl ** 2).rolling(w).mean() / (4 * np.log(2))),
gk_vol_20,波動,個股,21,features/volatility.py:25,np.sqrt(gk.rolling(w).mean().clip(lower=0)),
ret_std_60,波動,個股,61,features/volatility.py:22,r.rolling(w).std(),
parkinson_60,波動,個股,61,features/volatility.py:23,np.sqrt((lhl ** 2).rolling(w).mean() / (4 * np.log(2))),
gk_vol_60,波動,個股,61,features/volatility.py:25,np.sqrt(gk.rolling(w).mean().clip(lower=0)),
ret_std_120,波動,個股,121,features/volatility.py:22,r.rolling(w).std(),
parkinson_120,波動,個股,121,features/volatility.py:23,np.sqrt((lhl ** 2).rolling(w).mean() / (4 * np.log(2))),
gk_vol_120,波動,個股,121,features/volatility.py:25,np.sqrt(gk.rolling(w).mean().clip(lower=0)),
bb_pctb_20,波動,個股,21,features/volatility.py:28,"safe_div(c - (mid - 2 * sd), 4 * sd)",
bb_bw_20,波動,個股,21,features/volatility.py:29,4 * sd / mid,
bb_pctb_60,波動,個股,61,features/volatility.py:28,"safe_div(c - (mid - 2 * sd), 4 * sd)",
bb_bw_60,波動,個股,61,features/volatility.py:29,4 * sd / mid,
keltner_pos_20_10,波動,個股,21,features/volatility.py:30,"safe_div(c - ema(c, 20), 2 * wilder(tr, 10))",
donchian_pos_5,波動,個股,6,features/volatility.py:33,"safe_div(c - ll, hh - ll)",
donchian_pos_10,波動,個股,11,features/volatility.py:33,"safe_div(c - ll, hh - ll)",
donchian_pos_20,波動,個股,21,features/volatility.py:33,"safe_div(c - ll, hh - ll)",
donchian_pos_60,波動,個股,61,features/volatility.py:33,"safe_div(c - ll, hh - ll)",
donchian_pos_120,波動,個股,121,features/volatility.py:33,"safe_div(c - ll, hh - ll)",
dist_high_20,波動,個股,21,features/volatility.py:35,c / h.rolling(w).max() - 1,
dist_low_20,波動,個股,21,features/volatility.py:36,c / l.rolling(w).min() - 1,
dist_high_60,波動,個股,61,features/volatility.py:35,c / h.rolling(w).max() - 1,
dist_low_60,波動,個股,61,features/volatility.py:36,c / l.rolling(w).min() - 1,
dist_high_120,波動,個股,121,features/volatility.py:35,c / h.rolling(w).max() - 1,
dist_low_120,波動,個股,121,features/volatility.py:36,c / l.rolling(w).min() - 1,
mdd_20,波動,個股,21,features/volatility.py:38,"c.rolling(w).apply(_mdd, raw=True)",
mdd_60,波動,個股,61,features/volatility.py:38,"c.rolling(w).apply(_mdd, raw=True)",
vol_ratio_5_60,波動,個股,61,features/volatility.py:39,"safe_div(f[""ret_std_5""], f[""ret_std_60""])",
ulcer_14,波動,個股,15,features/volatility.py:41,np.sqrt((dd ** 2).rolling(14).mean()),
vol_sma_ratio_5,成交量,個股,6,features/volume.py:13,"safe_div(v, v.rolling(w).mean()) - 1",
vol_sma_ratio_10,成交量,個股,11,features/volume.py:13,"safe_div(v, v.rolling(w).mean()) - 1",
vol_sma_ratio_20,成交量,個股,21,features/volume.py:13,"safe_div(v, v.rolling(w).mean()) - 1",
vol_sma_ratio_60,成交量,個股,61,features/volume.py:13,"safe_div(v, v.rolling(w).mean()) - 1",
vol_sma_ratio_120,成交量,個股,121,features/volume.py:13,"safe_div(v, v.rolling(w).mean()) - 1",
vol_z_20,成交量,個股,21,features/volume.py:15,"safe_div(v - v.rolling(w).mean(), v.rolling(w).std())",
vol_z_60,成交量,個股,61,features/volume.py:15,"safe_div(v - v.rolling(w).mean(), v.rolling(w).std())",
obv_slope_10,成交量,個股,11,features/volume.py:18,"safe_div(rolling_slope(obv, w), v.rolling(w).mean())",
obv_slope_20,成交量,個股,21,features/volume.py:18,"safe_div(rolling_slope(obv, w), v.rolling(w).mean())",
obv_slope_60,成交量,個股,61,features/volume.py:18,"safe_div(rolling_slope(obv, w), v.rolling(w).mean())",
cmf_20,成交量,個股,21,features/volume.py:20,"safe_div((mfm * v).rolling(20).sum(), v.rolling(20).sum())",
mfi_14,成交量,個股,15,features/volume.py:26,"100 - 100 / (1 + safe_div(pos, neg))",
ad_roc_10,成交量,個股,11,features/volume.py:29,"safe_div(ad - ad.shift(w), v.rolling(w).sum())",
ad_roc_20,成交量,個股,21,features/volume.py:29,"safe_div(ad - ad.shift(w), v.rolling(w).sum())",
force_13,成交量,個股,21,features/volume.py:30,"safe_div(ema(c.diff() * v, 13), c * v.rolling(20).mean())",
eom_14,成交量,個股,15,features/volume.py:33,"safe_div(dm, box).rolling(14).mean() / c",
vwap_ratio_5,成交量,個股,6,features/volume.py:36,c / vwap - 1,
vwap_ratio_20,成交量,個股,21,features/volume.py:36,c / vwap - 1,
pvt_roc_10,成交量,個股,11,features/volume.py:39,"safe_div(pvt - pvt.shift(w), v.rolling(w).sum())",
pvt_roc_20,成交量,個股,21,features/volume.py:39,"safe_div(pvt - pvt.shift(w), v.rolling(w).sum())",
pv_corr_20,成交量,個股,21,features/volume.py:42,r.rolling(w).corr(dv),
pv_corr_60,成交量,個股,61,features/volume.py:42,r.rolling(w).corr(dv),
turnover_z_20,成交量,個股,21,features/volume.py:45,"safe_div(amt - amt.rolling(w).mean(), amt.rolling(w).std())",
turnover_z_60,成交量,個股,61,features/volume.py:45,"safe_div(amt - amt.rolling(w).mean(), amt.rolling(w).std())",
pv_diverge_20,成交量,個股,21,features/volume.py:47,"(np.sign(roc20) != np.sign(f[""obv_slope_20""])).astype(float)",
body_range,K 棒,個股,1,features/candle.py:11,"safe_div(c - o, rng)",
upper_shadow,K 棒,個股,1,features/candle.py:12,"safe_div(h - pd.concat([c, o], axis=1).max(axis=1), rng)",
lower_shadow,K 棒,個股,1,features/candle.py:13,"safe_div(pd.concat([c, o], axis=1).min(axis=1) - l, rng)",
close_pos,K 棒,個股,1,features/candle.py:14,"safe_div(c - l, rng)",
gap,K 棒,個股,2,features/candle.py:15,o / c.shift(1) - 1,
range_ratio,K 棒,個股,1,features/candle.py:16,rng / c,
body_range_ma5,K 棒,個股,6,features/candle.py:21,s.rolling(w).mean(),
body_range_ma20,K 棒,個股,21,features/candle.py:21,s.rolling(w).mean(),
upper_shadow_ma5,K 棒,個股,6,features/candle.py:21,s.rolling(w).mean(),
upper_shadow_ma20,K 棒,個股,21,features/candle.py:21,s.rolling(w).mean(),
lower_shadow_ma5,K 棒,個股,6,features/candle.py:21,s.rolling(w).mean(),
lower_shadow_ma20,K 棒,個股,21,features/candle.py:21,s.rolling(w).mean(),
close_pos_ma5,K 棒,個股,6,features/candle.py:21,s.rolling(w).mean(),
close_pos_ma20,K 棒,個股,21,features/candle.py:21,s.rolling(w).mean(),
gap_ma5,K 棒,個股,6,features/candle.py:21,s.rolling(w).mean(),
gap_ma20,K 棒,個股,21,features/candle.py:21,s.rolling(w).mean(),
range_ratio_ma5,K 棒,個股,6,features/candle.py:21,s.rolling(w).mean(),
range_ratio_ma20,K 棒,個股,21,features/candle.py:21,s.rolling(w).mean(),
skew_20,統計,個股,21,features/stats.py:30,r.rolling(w).skew(),
kurt_20,統計,個股,21,features/stats.py:31,r.rolling(w).kurt(),
autocorr_20,統計,個股,21,features/stats.py:32,r.rolling(w).corr(r.shift(1)),
ret_z_20,統計,個股,21,features/stats.py:33,"safe_div(r, r.rolling(w).std())",
skew_60,統計,個股,61,features/stats.py:30,r.rolling(w).skew(),
kurt_60,統計,個股,61,features/stats.py:31,r.rolling(w).kurt(),
autocorr_60,統計,個股,61,features/stats.py:32,r.rolling(w).corr(r.shift(1)),
ret_z_60,統計,個股,61,features/stats.py:33,"safe_div(r, r.rolling(w).std())",
cumret_ex1_20,統計,個股,21,features/stats.py:35,c.shift(1) / c.shift(w) - 1,
cumret_ex1_60,統計,個股,61,features/stats.py:35,c.shift(1) / c.shift(w) - 1,
cumret_ex1_120,統計,個股,121,features/stats.py:35,c.shift(1) / c.shift(w) - 1,
updown_mag_ratio_20,統計,個股,21,features/candle.py:21,s.rolling(w).mean(),
hurst_120,統計,個股,121,features/stats.py:37,"r.rolling(120).apply(_hurst, raw=True)",
dow_0,統計,同日常數(日曆),0,features/stats.py:40,(dow == d).astype(float),
dow_1,統計,同日常數(日曆),0,features/stats.py:40,(dow == d).astype(float),
dow_2,統計,同日常數(日曆),0,features/stats.py:40,(dow == d).astype(float),
dow_3,統計,同日常數(日曆),0,features/stats.py:40,(dow == d).astype(float),
ev_vol_x_avg20,事件,個股,20,features/event.py:18,"safe_div(v, avg20)",今日量 / 20 日均量
ev_vol_vs_max20,事件,個股,21,features/candle.py:21,s.rolling(w).mean(),
ev_spike2,事件,個股,20,features/event.py:22,spike2,
ev_spike3,事件,個股,20,features/event.py:23,spike3,
ev_spike2_cnt5,事件,個股,24,features/event.py:24,spike2.rolling(5).sum(),
ev_spike2_cnt20,事件,個股,39,features/event.py:25,spike2.rolling(20).sum(),
ev_days_since_spike3,事件,個股,80,features/event.py:26,"_days_since(spike3, cap=60)",
ev_spike_up,事件,個股,20,features/event.py:27,spike2 * (r > 0),爆量收紅
ev_spike_down,事件,個股,20,features/event.py:28,spike2 * (r < 0),爆量收黑
ev_spike_long_red,事件,個股,20,features/event.py:29,spike2 * ((r > 0.03) & (body > 0.6)),爆量長紅
ev_spike_long_black,事件,個股,20,features/event.py:30,spike2 * ((r < -0.03) & (body < -0.6)),
ev_spike_ret,事件,個股,20,features/event.py:31,spike2 * r,爆量當天的報酬(無爆量 = 0)
ev_vol_pctile250,事件,個股,251,features/event.py:32,v.rolling(250).rank(pct=True),今日量在過去一年的分位
ev_amt_pctile250,事件,個股,251,features/event.py:34,amt.rolling(250).rank(pct=True),
ev_vol_dryup,事件,個股,20,features/event.py:35,"(f[""ev_vol_x_avg20""] < 0.5).astype(float)",量縮
ev_vol_dryup_cnt5,事件,個股,24,features/event.py:36,"f[""ev_vol_dryup""].rolling(5).sum()",
ev_limit_up,事件,個股,2,features/event.py:41,lim_up,
ev_limit_down,事件,個股,2,features/event.py:42,lim_dn,
ev_limit_up_lock,事件,個股,2,features/event.py:43,lim_up * (c == h),漲停鎖死(收在最高)
ev_limit_down_lock,事件,個股,2,features/event.py:44,lim_dn * (c == l),
ev_limit_up_cnt20,事件,個股,21,features/event.py:45,lim_up.rolling(20).sum(),
ev_limit_down_cnt20,事件,個股,21,features/event.py:46,lim_dn.rolling(20).sum(),
ev_days_since_limit_up,事件,個股,22,features/event.py:47,"_days_since(lim_up, cap=20)",
ev_days_since_limit_down,事件,個股,22,features/event.py:48,"_days_since(lim_dn, cap=20)",
ev_touch_limit_up,事件,個股,2,features/event.py:49,(h >= pc * 1.095).astype(float) * (1 - lim_up),盤中碰漲停但沒收在漲停
ev_new_high_20,事件,個股,21,features/event.py:55,(c > hi).astype(float),
ev_new_low_20,事件,個股,21,features/event.py:56,(c < lo).astype(float),
ev_new_high_60,事件,個股,61,features/event.py:55,(c > hi).astype(float),
ev_new_low_60,事件,個股,61,features/event.py:56,(c < lo).astype(float),
ev_new_high_250,事件,個股,251,features/event.py:55,(c > hi).astype(float),
ev_new_low_250,事件,個股,251,features/event.py:56,(c < lo).astype(float),
ev_breakout_vol_60,事件,個股,61,features/event.py:57,"f[""ev_new_high_60""] * spike2",帶量突破 60 日高
ev_breakdown_vol_60,事件,個股,61,features/event.py:58,"f[""ev_new_low_60""] * spike2",
ev_streak,事件,個股,2,features/event.py:61,_streak(r),
ev_up_streak_ge3,事件,個股,4,features/event.py:62,"(f[""ev_streak""] >= 3).astype(float)",
ev_down_streak_ge3,事件,個股,4,features/event.py:63,"(f[""ev_streak""] <= -3).astype(float)",
ev_bigmove5,事件,個股,2,features/event.py:64,(r.abs() > 0.05).astype(float),
ev_bigmove5_cnt20,事件,個股,21,features/event.py:65,"f[""ev_bigmove5""].rolling(20).sum()",
ev_gap_up_spike,事件,個股,20,features/event.py:66,((o / pc - 1) > 0.02).astype(float) * spike2,
ev_gap_down_spike,事件,個股,20,features/event.py:67,((o / pc - 1) < -0.02).astype(float) * spike2,
ev_range_x_atr,事件,個股,20,features/event.py:68,"safe_div(h - l, (h - l).rolling(20).mean())",今日振幅 / 20 日均振幅
cs_rank_roc_5,橫斷面,橫斷面(當日池內比較),6,features/cross_section.py:18,g[col].rank(pct=True),
cs_rank_roc_20,橫斷面,橫斷面(當日池內比較),21,features/cross_section.py:18,g[col].rank(pct=True),
cs_rank_roc_60,橫斷面,橫斷面(當日池內比較),61,features/cross_section.py:18,g[col].rank(pct=True),
cs_rank_roc_120,橫斷面,橫斷面(當日池內比較),121,features/cross_section.py:18,g[col].rank(pct=True),
cs_rank_ret_std_20,橫斷面,橫斷面(當日池內比較),21,features/cross_section.py:18,g[col].rank(pct=True),
cs_rank_ret_std_60,橫斷面,橫斷面(當日池內比較),61,features/cross_section.py:18,g[col].rank(pct=True),
cs_rank_vol_z_20,橫斷面,橫斷面(當日池內比較),21,features/cross_section.py:18,g[col].rank(pct=True),
cs_rank_turnover_z_20,橫斷面,橫斷面(當日池內比較),21,features/cross_section.py:18,g[col].rank(pct=True),
cs_rank_rsi_14,橫斷面,橫斷面(當日池內比較),15,features/cross_section.py:18,g[col].rank(pct=True),
cs_excess_roc_5,橫斷面,橫斷面(當日池內比較),6,features/cross_section.py:27,"(roc.sub(mkt_roc[w], axis=0)).stack(future_stack=True).reindex(panel.index)",
cs_excess_roc_10,橫斷面,橫斷面(當日池內比較),11,features/cross_section.py:27,"(roc.sub(mkt_roc[w], axis=0)).stack(future_stack=True).reindex(panel.index)",
cs_excess_roc_20,橫斷面,橫斷面(當日池內比較),21,features/cross_section.py:27,"(roc.sub(mkt_roc[w], axis=0)).stack(future_stack=True).reindex(panel.index)",
cs_excess_roc_60,橫斷面,橫斷面(當日池內比較),61,features/cross_section.py:27,"(roc.sub(mkt_roc[w], axis=0)).stack(future_stack=True).reindex(panel.index)",
cs_excess_roc_120,橫斷面,橫斷面(當日池內比較),121,features/cross_section.py:27,"(roc.sub(mkt_roc[w], axis=0)).stack(future_stack=True).reindex(panel.index)",
mkt_roc_5,市場層級,同日常數(市場層級),0,features/cross_section.py:29,"mkt_roc[w].reindex(panel.index.get_level_values(""date"")).values",
mkt_roc_20,市場層級,同日常數(市場層級),0,features/cross_section.py:29,"mkt_roc[w].reindex(panel.index.get_level_values(""date"")).values",
mkt_roc_60,市場層級,同日常數(市場層級),0,features/cross_section.py:29,"mkt_roc[w].reindex(panel.index.get_level_values(""date"")).values",
cs_beta_60,橫斷面,橫斷面(當日池內比較),61,features/cross_section.py:34,beta.stack(future_stack=True).reindex(panel.index),
cs_idio_std_60,橫斷面,橫斷面(當日池內比較),61,features/cross_section.py:36,resid.rolling(60).std().stack(future_stack=True).reindex(panel.index),
cs_rank_excess_roc_20,橫斷面,橫斷面(當日池內比較),21,features/cross_section.py:37,"out.groupby(level=""date"")[""cs_excess_roc_20""].rank(pct=True)",
